Name,Web of Science Documents,Times Cited,Rank,% Docs Cited,Category Normalized Citation Impact,International Collaborations,All Open Access Documents,% First Author (2008-2022),% Global Baseline (Docs),% Documents in Top 1%,% International Collaborations,Gold Documents,% Last Author (2008-2022),% Global Baseline (Cites),Citation Impact,% Documents in Top 10%,% Industry Collaborations,Gold - Hybrid Documents,% Corresponding Author (2008-2022),% Baseline for All Items (Docs),Average Percentile,% Highly Cited Papers,Location Type,Free to Read Documents,First Author (2008-2022),Industry Collaborations,% Baseline for All Items (Cites),Highly Cited Papers,Impact Relative to World,Last Author (2008-2022),Domestic Collaborations,% Baseline for Pinned Items (Docs),Green Submitted Documents,% Hot Papers,Green Accepted Documents,Corresponding Author (2008-2022),% Domestic Collaborations,% Baseline for Pinned Items (Cites),Documents in JIF Journals,Green Published Documents,Documents in Q1 Journals,Green Only Documents,Citations From Patents,Documents in Q2 Journals,Non-Open Access Documents,Documents in Q3 Journals,% All Open Access Documents,Documents in Q4 Journals,% Gold Documents,% Documents in Q1 Journals,% Gold - Hybrid Documents,% Documents in Q2 Journals,% Free to Read Documents,% Documents in Q3 Journals,% Green Submitted Documents,% Documents in Q4 Journals,% Green Accepted Documents,% Green Published Documents,Documents in Top 1%,Documents in Top 10%,% Green Only Documents,Hot Papers,% Non-Open Access Documents
Global Baseline,3494012,19768286,n/a,65.46,0.9741267635314361,775508,1504619,n/a,100,1.11,22.2,789548,n/a,100,5.657761335679442,9.47,1.77,180452,n/a,n/a,38.11268429793601,0.61,,233417,n/a,61683,n/a,21423,1.0,n/a,1118055,n/a,284105,0.04,151999,n/a,32.0,n/a,2630671,773512,1209560,301202,11304,717729,1989393,408218,43.06,295164,22.6,45.98,5.16,27.28,6.68,15.52,8.13,11.22,4.35,22.14,38829,330729,8.62,1342,56.94
Baseline for All Items,3322836,19642927,n/a,68.29,0.991293923172856,775508,1469166,n/a,n/a,1.13,23.34,781480,n/a,n/a,5.9114945787273285,9.76,1.86,178708,n/a,100,39.62611735339933,0.64,,210167,n/a,61683,100,21370,1.044846932911039,n/a,1118055,n/a,282569,0.04,150761,n/a,33.65,n/a,2541001,763364,1158613,298811,11193,707325,1853670,401803,44.21,273260,23.52,45.6,5.38,27.84,6.32,15.81,8.5,10.75,4.54,22.97,37510,324232,8.99,1337,55.79
CHINA MAINLAND,649373,5925354,1,81.34,1.1974393870702973,165735,247463,92.74,18.585311097958453,1.68,25.52,171529,84.34,29.97404023798523,9.124731086755993,13.1,1.98,17452,90.42,19.542733977843024,48.08724425022291,1.23,Country/Region,26444,602234,12850,30.165331266567353,7996,1.6127811947833253,547695,258950,n/a,33041,0.07,10747,587172,39.88,n/a,573519,135148,266880,32038,7142,168710,401910,86606,38.11,51323,26.41,46.53,2.69,29.42,4.07,15.1,5.09,8.95,1.65,20.81,10919,85060,4.93,455,61.89
USA,836401,5614711,2,65.54,1.2493435958350123,285572,370260,79.17,23.93812614266923,1.65,34.14,134190,67.72,28.402619225561587,6.712941519677762,12.44,3.2,41773,68.93,25.171299456247613,41.03869991678632,0.91,Country/Region,82942,662166,26780,28.5838816180501,7637,1.1865013600598624,566446,234920,n/a,84477,0.07,68667,576526,28.09,n/a,679696,185116,382692,111355,3070,166485,466141,89363,44.27,41156,16.04,56.3,4.99,24.49,9.92,13.15,10.1,6.06,8.21,22.13,13818,104048,13.31,614,55.73
UNITED KINGDOM,254774,2123101,3,70.23,1.4802079435107194,143411,163190,64.91,7.2917322550695305,2.16,56.29,47605,50.43,10.739934661001971,8.333271840925683,14.76,3.65,35897,60.29,7.667366069225204,45.46026428324711,1.24,Country/Region,20342,165374,9295,10.808475742948085,3158,1.4728920763012245,128491,34976,n/a,49577,0.1,60824,153608,13.73,n/a,199531,83449,112719,59346,603,52237,91584,23217,64.05,11358,18.69,56.49,14.09,26.18,7.98,11.64,19.46,5.69,23.87,32.75,5491,37611,23.29,267,35.95
ENGLAND,223818,1921870,4,70.42,1.5236028867204603,126088,142958,63.24,6.405759339120759,2.26,56.34,41682,48.98,9.721986013354925,8.586753522951684,15.11,3.87,31819,58.69,6.73575223092563,45.76943727805628,1.31,Country/Region,18121,141548,8665,9.784030658974602,2927,1.5176945462158662,109630,32476,n/a,44763,0.11,51035,131360,14.51,n/a,176006,73851,99888,51336,553,45785,80860,20294,63.87,10039,18.62,56.75,14.22,26.01,8.1,11.53,20.0,5.7,22.8,33.0,5056,33822,22.94,253,36.13
GERMANY (FED REP GER),196144,1533769,5,73.8,1.2864544100252875,107262,110986,68.13,5.613718556204157,1.73,54.69,42694,59.26,7.758735380497833,7.819607023411371,13.09,5.16,32409,64.06,5.902909442416057,45.66344255954809,1.07,Country/Region,13372,133640,10122,7.80825077647542,2092,1.382102665607105,116228,35029,n/a,31230,0.1,13045,125657,17.86,n/a,161067,65210,82013,22511,557,42964,85158,18944,56.58,17146,21.77,50.92,16.52,26.67,6.82,11.76,15.92,10.65,6.65,33.25,3391,25678,11.48,198,43.42
ITALY,150054,1272501,6,74.76,1.416283016114199,71257,79372,73.59,4.294604597809052,2.01,47.49,38915,64.68,6.437083113831922,8.480287096645208,14.48,2.6,10263,69.15,4.515841287382224,47.42524538032975,1.19,Country/Region,11427,110430,3895,6.47816387038449,1784,1.498876780674031,97056,40027,n/a,21895,0.1,6886,103757,26.68,n/a,121676,51264,60597,18767,236,36250,70682,16694,52.9,8135,25.93,49.8,6.84,29.79,7.62,13.72,14.59,6.69,4.59,34.16,3019,21726,12.51,143,47.1
AUSTRALIA,126233,1148723,7,77.01,1.507920903408776,72895,58637,65.02,3.612838192885428,2.33,57.75,23685,57.66,5.810938793580789,9.10002138901872,15.46,2.13,7116,62.35,3.7989536648814446,49.1782518287611,1.5,Country/Region,10061,82081,2683,5.848023565938009,1892,1.6084137963953007,72786,24714,n/a,14759,0.14,10799,78708,19.58,n/a,104041,33974,55677,17775,271,27261,67596,15140,46.45,5963,18.76,53.51,5.64,26.2,7.97,14.55,11.69,5.73,8.55,26.91,2935,19520,14.08,171,53.55
CANADA,135423,1075893,8,72.37,1.3864797102412443,74028,58415,66.07,3.875859613533096,2.0,54.66,24935,57.02,5.442520408699065,7.944684433220354,13.49,3.2,7794,61.26,4.075524642203226,45.056506766206624,1.2,Country/Region,11625,89471,4334,5.477253975438589,1625,1.4042098918381247,77216,23629,n/a,13399,0.11,7376,82954,17.45,n/a,110170,32108,60198,14061,1629,29370,77008,14220,43.14,6382,18.41,54.64,5.76,26.66,8.58,12.91,9.89,5.79,5.45,23.71,2715,18270,10.38,145,56.86
FRANCE,126323,1009640,9,73.94,1.3214553945045637,75781,78681,62.5,3.6154140283433485,1.85,59.99,26145,54.97,5.107372485404147,7.992527093245094,12.66,5.14,9190,60.15,3.8016621945831814,45.039308716544106,1.2,Country/Region,17119,78949,6492,5.139967174953101,1510,1.412666003219676,69439,27760,n/a,34368,0.11,7664,75983,21.98,n/a,104422,38655,55704,26227,356,27257,47642,12456,62.29,9005,20.7,53.35,7.28,26.1,13.55,11.93,27.21,8.62,6.07,30.6,2333,15998,20.76,144,37.71
INDIA,170918,982564,10,69.8,0.8979361149791129,40847,54030,88.99,4.891740497742996,1.05,23.9,31459,80.15,4.9704056284899965,5.748745012228086,8.83,0.75,3608,86.43,5.143738661793721,38.59607862542272,0.6,Country/Region,9090,152105,1286,5.00212621062024,1026,1.0160812150160656,136989,47007,n/a,8263,0.04,3134,147725,27.5,n/a,110514,25352,36766,9873,140,31804,116888,23514,31.61,18430,18.41,33.27,2.11,28.78,5.32,21.28,4.83,16.68,1.83,14.83,1796,15088,5.78,61,68.39
SPAIN,124832,884726,11,69.53,1.2278018120353755,59665,70180,71.96,3.5727410209237975,1.59,47.8,37551,60.68,4.47548158702277,7.087333376057421,11.7,2.67,6898,68.12,3.7567908858577437,42.71908999214945,1.02,Country/Region,7978,89829,3327,4.504043618346695,1276,1.2526745042005736,75751,27064,n/a,21109,0.09,9330,85036,21.68,n/a,97668,41174,53247,17753,190,25686,54652,11635,56.22,7100,30.08,54.52,5.53,26.3,6.39,11.91,16.91,7.27,7.47,32.98,1986,14611,14.22,116,43.78
JAPAN,135521,795617,12,72.24,0.9293299082798976,44984,66448,80.56,3.878664412142832,1.06,33.19,38123,74.48,4.024714130501754,5.870802311080939,7.97,5.1,8094,76.96,4.078473930100674,38.87023472598343,0.73,Country/Region,8782,109169,6914,4.050399413488631,985,1.0376546416085104,100935,44069,n/a,13454,0.07,4329,104296,32.52,n/a,110703,36285,46621,11449,266,31065,69073,19969,49.03,13048,28.13,42.11,5.97,28.06,6.48,18.04,9.93,11.79,3.19,26.77,1443,10797,8.45,100,50.97
NETHERLANDS,73676,707890,13,77.67,1.6167634833595743,47304,51975,61.66,2.1086361466417403,2.42,64.21,15854,54.16,3.5809376695582005,9.608149193767305,16.77,4.98,18976,56.02,2.2172626033905978,50.854860310005975,1.49,Country/Region,5758,45428,3669,3.6037908199730113,1100,1.698224549200335,39904,11249,n/a,11628,0.13,6140,41272,15.27,n/a,62832,38665,37062,11387,248,16280,21701,6874,70.55,2616,21.52,58.99,25.76,25.91,7.82,10.94,15.78,4.16,8.33,52.48,1782,12355,15.46,99,29.45
SOUTH KOREA,94758,678454,14,77.69,1.055268957766099,30111,44051,82.5,2.7120112924626474,1.28,31.78,32439,79.09,3.4320324989227693,7.159859853521603,10.25,3.95,2834,82.67,2.85172063863519,43.78328030351,0.91,Country/Region,3760,78179,3742,3.453935352913545,863,1.2654934396701223,74943,32427,n/a,6258,0.07,1914,78336,34.22,n/a,82092,28257,37914,5018,216,24001,50707,12525,46.49,7652,34.23,46.18,2.99,29.24,3.97,15.26,6.6,9.32,2.02,29.82,1217,9717,5.3,69,53.51
SWITZERLAND,57238,580962,15,77.2,1.6890965826898214,40909,36655,54.38,1.6381741104495349,2.62,71.47,14036,47.86,2.9388587356536626,10.149935357629547,17.16,7.34,7819,50.7,1.7225647007556195,50.54945494601489,1.65,Country/Region,5057,31124,4201,2.957614208921104,945,1.7939843615567848,27392,5075,n/a,10924,0.2,9272,29018,8.87,n/a,48779,23551,28093,9743,165,12042,20583,5779,64.04,2865,24.52,57.59,13.66,24.69,8.84,11.85,19.09,5.87,16.2,41.15,1500,9821,17.02,116,35.96
IRAN,69788,517759,16,78.9,1.00443428239812,22195,21272,90.15,1.9973600548595711,1.46,31.8,14008,76.79,2.6191395652612472,7.419026193614948,11.44,0.52,1233,87.76,2.100254120275572,44.126834839800544,0.93,Country/Region,2597,62914,361,2.6358546259424576,651,1.3113006635377975,53587,20268,n/a,3208,0.04,1211,61244,29.04,n/a,53580,10420,18258,3434,53,15678,48516,12373,30.48,7271,20.07,34.08,1.77,29.26,3.72,23.09,4.6,13.57,1.74,14.93,1016,7983,4.92,26,69.52
BRAZIL,96889,488617,17,66.22,0.8182998131882876,33399,46150,84.99,2.7730013520274115,0.83,34.47,31436,74.81,2.4717216252334673,5.043059583647266,6.96,1.32,3600,80.48,2.9158526030174223,35.47476606941965,0.52,Country/Region,4238,82342,1279,2.487495880832831,503,0.89135247749747,72487,33056,n/a,8289,0.05,2859,77981,34.12,n/a,72958,20655,27176,6876,57,20472,50739,14410,47.63,10900,32.45,37.25,3.72,28.06,4.37,19.75,8.56,14.94,2.95,21.32,805,6744,7.1,52,52.37
SWEDEN,48890,447350,18,79.64,1.4585372305174884,32898,33315,56.4,1.3992510615304128,2.15,67.29,12238,51.22,2.2629680691588536,9.15013295152383,15.14,6.49,12196,54.94,1.471333523532308,50.423573100838624,1.45,Country/Region,3216,27573,3172,2.2774100825197796,710,1.617270932554278,25040,6551,n/a,8000,0.13,3868,26859,13.4,n/a,41232,22218,22926,5665,104,11550,15575,4811,68.14,1945,25.03,55.6,24.95,28.01,6.58,11.67,16.36,4.72,7.91,45.44,1051,7400,11.59,62,31.86
HONG KONG,28855,420265,19,81.78,2.018964297348813,12113,11184,55.07,0.8258414682033147,3.5,41.98,5375,51.2,2.1259556847771224,14.56472015248657,20.92,2.53,1128,56.81,0.8683847171512528,55.51398717033443,2.29,Country/Region,1767,15890,730,2.139523300168045,662,2.574290304654127,14774,10260,n/a,2633,0.2,1370,16392,35.56,n/a,24280,5920,14812,2914,265,5797,17671,2558,38.76,1113,18.63,61.0,3.91,23.88,6.12,10.54,9.12,4.58,4.75,20.52,1009,6036,10.1,58,61.24
BELGIUM,41356,385282,20,75.95,1.6486096285907728,28676,25049,56.74,1.1836250133084834,2.51,69.34,9027,49.53,1.9489904182891729,9.316229809459328,16.34,6.02,4165,51.79,1.2445994927224817,49.17644516636039,1.51,Country/Region,3503,23464,2490,1.9614286608100717,625,1.6466282786989528,20484,4445,n/a,6667,0.15,5718,21417,10.75,n/a,34786,16119,19350,8354,181,8981,16307,4129,60.57,2326,21.83,55.63,10.07,25.82,8.47,11.87,16.12,6.69,13.83,38.98,1038,6756,20.2,62,39.43
SAUDI ARABIA,38281,351489,21,79.4,1.2940842454481336,27430,19261,58.04,1.09561730182953,2.29,71.65,14024,49.88,1.7780448947369538,9.181813432250987,15.52,0.77,1165,58.6,1.1520580612464775,48.118652260912725,1.54,Country/Region,1430,22217,293,1.7893921817252592,591,1.622870405357659,19093,2957,n/a,2602,0.08,1270,22431,7.72,n/a,29385,10648,10981,2642,70,10029,19020,5178,50.31,3197,36.63,37.37,3.04,34.13,3.74,17.62,6.8,10.88,3.32,27.82,876,5943,6.9,32,49.69
DENMARK,34959,340785,22,79.12,1.5924939929631856,23474,20610,56.78,1.0005403530382837,2.36,67.15,7865,51.96,1.7238975599604336,9.748133527846907,16.88,5.4,3708,53.25,1.0520832204779291,51.45382373923739,1.54,Country/Region,2979,19851,1887,1.7348992846127258,539,1.7229665497504147,18166,4755,n/a,6588,0.16,2829,18616,13.6,n/a,29833,12988,17443,6058,100,7877,14349,3120,58.95,1393,22.5,58.47,10.61,26.4,8.52,10.46,18.84,4.67,8.09,37.15,825,5902,17.33,55,41.05
TURKEY,64160,337296,23,65.34,0.8760972880299253,16123,25861,85.46,1.8362844775576044,1.32,25.13,16878,70.64,1.7062480783614726,5.2571072319202,8.65,1.06,1514,82.78,1.9308807295936363,35.61948391677058,0.79,Country/Region,3428,54830,681,1.717137165963097,509,0.9291850468784174,45321,20734,n/a,4674,0.04,1244,53113,32.32,n/a,47315,9907,12689,4041,48,11291,38299,10721,40.31,12614,26.31,26.82,2.36,23.86,5.34,22.66,7.28,26.66,1.94,15.44,845,5550,6.3,28,59.69
RUSSIA,93093,334470,24,52.21,0.711441935483871,25961,37392,84.67,2.6643583364911168,0.75,27.89,24313,67.99,1.6919524535409898,3.5928587541490766,5.47,1.01,2945,81.55,2.801612839153061,26.3898411309121,0.4,Country/Region,4412,78818,943,1.7027503080370863,375,0.6350318687873052,63294,26752,n/a,8567,0.04,1882,75919,28.74,n/a,51237,13615,16273,5722,90,11638,55701,6912,40.17,16414,26.12,31.76,3.16,22.71,4.74,13.49,9.2,32.04,2.02,14.63,697,5094,6.15,34,59.83
POLAND,55597,331318,25,72.4,0.9780876108423117,20712,34164,78.05,1.5912080439334495,1.06,37.25,21827,62.26,1.6760077226725674,5.959278378329766,8.59,1.55,6482,76.88,1.67317917586062,39.735033399284134,0.66,Country/Region,2388,43395,863,1.6867038196496886,368,1.053292640809868,34616,11676,n/a,6506,0.06,2063,42743,21.0,n/a,43281,18561,18408,3467,57,12529,21433,6561,61.45,5783,39.26,42.53,11.66,28.95,4.3,15.16,11.7,13.36,3.71,33.38,590,4775,6.24,32,38.55
SINGAPORE,26163,330032,26,79.71,1.8529347628330086,17789,11349,59.28,0.7487953676175125,3.3,67.99,5111,55.63,1.6695023534159712,12.614455528800214,19.94,3.43,1316,58.55,0.7873695842948614,53.35398474563315,2.17,Country/Region,1827,15509,897,1.680156933841886,567,2.2295842437272655,14555,2717,n/a,2700,0.19,1404,15318,10.38,n/a,21389,6429,12582,3095,128,5474,14814,2343,43.38,990,19.54,58.82,5.03,25.59,6.98,10.95,10.32,4.63,5.37,24.57,864,5218,11.83,50,56.62
TAIWAN,41239,295591,27,76.51,1.1717846722762433,17426,18702,74.92,1.1802764272131865,1.53,42.26,13400,71.3,1.4952788521979095,7.167753825262494,11.21,2.19,1532,76.66,1.2410784041102239,44.25707657314678,1.04,Country/Region,1877,30895,902,1.504821557398243,430,1.266888686177095,29403,14662,n/a,2676,0.09,1024,31613,35.55,n/a,35721,11274,16875,1893,88,11276,22537,4745,45.35,2825,32.49,47.24,3.71,31.57,4.55,13.28,6.49,7.91,2.48,27.34,630,4623,4.59,38,54.65
SCOTLAND,31314,293729,28,72.89,1.5983123714632432,17918,22097,54.0,0.8962190169925003,2.4,57.22,6372,41.13,1.4858597250161194,9.380117519320432,15.61,3.52,5174,50.03,0.9423877675575923,47.29997631091525,1.5,Country/Region,2477,16911,1103,1.4953423183825914,469,1.6579203262192697,12878,5508,n/a,6323,0.2,11776,15667,17.59,n/a,24721,11670,14362,8074,53,6423,9217,2712,70.57,1224,20.35,58.1,16.52,25.98,7.91,10.97,20.19,4.95,37.61,37.27,750,4888,25.78,63,29.43
AUSTRIA,32361,270694,29,72.74,1.3879917925898457,21343,19591,58.24,0.9261845694863097,2.01,65.95,7470,49.4,1.3693347010459076,8.36482185346559,13.8,5.32,6497,53.53,0.9738969964211295,45.99502926361979,1.26,Country/Region,2268,18848,1723,1.378073644523548,409,1.4784684890673383,15985,3149,n/a,4889,0.15,2674,17324,9.73,n/a,26330,11719,13800,3356,85,6831,12770,3592,60.54,2107,23.08,52.41,20.08,25.94,7.01,13.64,15.11,8.0,8.26,36.21,649,4467,10.37,48,39.46
PAKISTAN,30242,247883,30,76.27,1.1984310032405265,18251,12707,72.82,0.8655379546492685,1.96,60.35,9755,57.16,1.2539428051577157,8.196647047152966,14.16,0.4,691,65.03,0.9101261693324617,45.697336399709016,1.33,Country/Region,1065,22022,120,1.2619453302453347,402,1.4487438689685606,17286,4994,n/a,1566,0.09,821,19665,16.51,n/a,23022,6057,7164,1196,28,7229,17535,4008,42.02,4621,32.26,31.12,2.28,31.4,3.52,17.41,5.18,20.07,2.71,20.03,594,4282,3.95,28,57.98
NORWAY,27705,238776,31,78.11,1.478969214943151,17865,19253,59.1,0.7929280151298851,2.23,64.48,7091,49.61,1.2078740665730958,8.618516513264753,15.1,5.24,6381,57.92,0.8337757265179503,49.570234040786865,1.41,Country/Region,1605,16373,1453,1.2155825860372031,392,1.5233086024526965,13744,3764,n/a,4953,0.14,3008,16047,13.59,n/a,22151,13332,11527,4176,24,6644,8452,2816,69.49,1164,25.59,52.04,23.03,29.99,5.79,12.71,17.88,5.25,10.86,48.12,619,4183,15.07,38,30.51
PORTUGAL,32674,234054,32,71.11,1.1517891963028708,17485,17022,67.79,0.935142752801078,1.58,53.51,9048,61.02,1.1839873219155166,7.163310277284691,11.39,1.7,1570,61.94,0.9833166608282804,43.13399741384587,1.03,Country/Region,1834,22150,555,1.1915433988020216,337,1.2661032963887733,19938,7111,n/a,5055,0.1,1942,20238,21.76,n/a,25235,10367,12772,4570,37,7388,15652,3223,52.1,1852,27.69,50.61,4.81,29.28,5.61,12.77,15.47,7.34,5.94,31.73,517,3720,13.99,32,47.9
EGYPT,30497,231840,33,78.57,1.1105346886579008,17327,12877,74.3,0.8728361551133768,1.63,56.82,9103,59.89,1.1727875648905526,7.6020592189395675,13.5,0.58,779,66.88,0.9178003368207158,46.080589021871006,1.02,Country/Region,1741,22660,178,1.180272166159351,312,1.3436514493813716,18264,5488,n/a,1239,0.04,737,20396,18.0,n/a,23565,6362,8415,1254,31,7385,17620,4981,42.22,2784,29.85,35.71,2.55,31.34,5.71,21.14,4.06,11.81,2.42,20.86,497,4116,4.11,13,57.78
FINLAND,23763,222141,34,79.4,1.5443364642511468,15502,16562,59.49,0.6801064220729637,2.21,65.24,5454,52.35,1.1237241306605945,9.348188360055548,15.01,3.16,4774,57.91,0.7151421255818824,50.41826053949418,1.34,Country/Region,1497,14137,751,1.1308956144875966,318,1.6522768998938202,12440,3351,n/a,4028,0.15,4326,13762,14.1,n/a,19201,10102,10170,4837,40,5595,7201,2424,69.7,1012,22.95,52.97,20.09,29.14,6.3,12.62,16.95,5.27,18.2,42.51,526,3568,20.36,35,30.3
SOUTH AFRICA,30368,216347,35,72.39,1.1636951198630139,16379,15536,68.07,0.8691441242903574,1.59,53.94,9231,55.24,1.0944145587533487,7.1241767650158065,10.9,1.26,1751,66.16,0.9139181109148933,42.58427351817703,1.09,Country/Region,1635,20673,384,1.1013989921155845,331,1.259186512532569,16774,3626,n/a,3080,0.09,2141,20091,11.94,n/a,21584,8501,8652,2919,33,6376,14832,4133,51.16,2423,30.4,40.09,5.77,29.54,5.38,19.15,10.14,11.23,7.05,27.99,482,3309,9.61,26,48.84
MALAYSIA,28843,202357,36,71.57,1.0656079256665396,15208,13962,74.42,0.825498023475592,1.42,52.73,9625,67.2,1.0236446397021977,7.01580972853032,11.32,0.86,913,72.91,0.8680235798576877,41.78844683632077,0.97,Country/Region,1260,21464,247,1.0301774272235498,281,1.2400328172711423,19383,5027,n/a,1305,0.07,3342,21030,17.43,n/a,17827,5787,6617,2164,30,6008,14881,3030,48.41,2172,33.37,37.12,3.17,33.7,4.37,17.0,4.52,12.18,11.59,20.06,409,3266,7.5,19,51.59
ISRAEL,26645,200573,37,72.63,1.3346077125164195,13260,11846,70.33,0.762590397514376,1.88,49.77,4965,56.03,1.014620083906111,7.527603677988366,12.62,2.86,1620,66.3,0.8018752655863847,44.568167648714585,1.14,Country/Region,2065,18739,763,1.0210952777047941,305,1.330491555116892,14928,5174,n/a,3969,0.1,1375,17665,19.42,n/a,21930,6411,11569,3196,61,5830,14799,3053,44.46,1478,18.63,52.75,6.08,26.58,7.75,13.92,14.9,6.74,5.16,24.06,500,3362,11.99,26,55.54
GREECE,23177,190612,38,72.96,1.2803538810027182,12388,11136,67.68,0.663334871202503,1.88,53.45,6083,60.54,0.9642312945087905,8.22418777236053,12.92,2.5,1226,63.5,0.6975065877461302,44.72716859386461,1.17,Country/Region,1639,15687,580,0.9703849125947471,271,1.4536116468003832,14032,4466,n/a,2723,0.12,1439,14718,19.27,n/a,17791,6727,8310,2188,53,5295,12041,2798,48.05,1388,26.25,46.71,5.29,29.76,7.07,15.73,11.75,7.8,6.21,29.02,436,2995,9.44,28,51.95
IRELAND,20206,166780,39,70.55,1.406953053548451,12049,10934,61.55,0.578303680697147,2.12,59.63,3842,50.28,0.8436745603538921,8.253983965158863,14.36,3.3,2045,54.42,0.608095012814355,45.00971064040384,1.32,Country/Region,1750,12437,666,0.8490587986199817,266,1.4588780748150167,10159,2391,n/a,3119,0.12,2450,10996,11.83,n/a,15978,6099,8717,3297,36,4160,9272,2389,54.11,712,19.01,54.56,10.12,26.04,8.66,14.95,15.44,4.46,12.13,30.18,428,2901,16.32,24,45.89
CZECH REPUBLIC,25095,164562,40,70.44,1.089668296473401,13874,12957,65.31,0.7182287868501882,1.28,55.29,7425,53.97,0.8324545688988919,6.557561267184698,9.96,3.21,1775,64.19,0.7552283651675857,40.71284985056784,0.9,Country/Region,1347,16390,805,0.8377672024133673,225,1.1590381562811536,13545,4038,n/a,3393,0.08,1376,16109,16.09,n/a,19137,7211,9062,2410,23,5293,12138,2520,51.63,2262,29.59,47.35,7.07,27.66,5.37,13.17,13.52,11.82,5.48,28.73,320,2499,9.6,19,48.37
VIETNAM,16117,163004,41,80.29,1.4406648259601662,11253,7046,61.62,0.461274889725622,3.0,69.82,5023,49.22,0.824573258399843,10.113792889495564,17.14,0.74,463,65.82,0.48503748003211716,49.83709502388783,1.93,Country/Region,546,9932,120,0.8298355942574139,311,1.787596239826365,7933,2405,n/a,1274,0.11,518,10609,14.92,n/a,12457,3286,5268,1014,25,3947,9071,2220,43.72,1022,31.17,42.29,2.87,31.68,3.39,17.82,7.9,8.2,3.21,20.39,484,2762,6.29,17,56.28
MEXICO,30936,160181,42,65.76,0.819557425006465,13123,14718,76.85,0.8854005080692338,0.91,42.42,9720,65.03,0.8102928094018875,5.17781872252392,6.52,1.28,1202,73.26,0.9310119428102982,34.20781018231187,0.62,Country/Region,1534,23775,395,0.8154640090043608,191,0.915170933399246,20118,7970,n/a,3572,0.07,1069,22665,25.76,n/a,23928,6800,8620,2262,29,6906,16218,4789,47.58,3613,31.42,36.02,3.89,28.86,4.96,20.01,11.55,15.1,3.46,21.98,280,2018,7.31,23,52.42
NEW ZEALAND,19307,157179,43,76.92,1.4570375459677838,11856,8280,60.54,0.5525739465119182,2.09,61.41,3603,50.08,0.7951068696598177,8.141036929611023,13.57,2.23,1217,58.85,0.5810398105714516,47.51332297612265,1.37,Country/Region,1296,11689,430,0.8001811542648405,264,1.4389148722607548,9668,2264,n/a,2024,0.1,1468,11363,11.73,n/a,15327,4770,7639,2164,22,4383,11027,2396,42.89,909,18.66,49.84,6.3,28.6,6.71,15.63,10.48,5.93,7.6,24.71,403,2620,11.21,20,57.11
THAILAND,17892,119757,44,75.64,1.0403678571428574,8991,8356,74.63,0.5120760890346112,1.26,50.25,5894,63.29,0.6058036594573754,6.693326626425218,10.41,1.59,700,69.7,0.5384557047052578,42.244799899396384,0.8,Country/Region,777,13352,284,0.60966983179238,143,1.1830344599753986,11323,3473,n/a,1071,0.04,689,12471,19.41,n/a,13759,5063,5582,985,38,4164,9536,2417,46.7,1596,32.94,40.57,3.91,30.26,4.34,17.57,5.99,11.6,3.85,28.3,226,1863,5.51,8,53.3
CHILE,18044,116716,45,70.78,1.066818382841942,11323,9904,62.73,0.5164263889190993,1.24,62.75,5534,48.7,0.5904204340224539,6.468410551984039,9.95,1.31,862,61.0,0.5430301104237465,41.63844167036134,0.91,Country/Region,1361,11319,237,0.5941884323044117,165,1.1432809141651865,8788,2814,n/a,3426,0.09,1281,11007,15.6,n/a,14173,5020,7068,2147,15,3689,8140,1739,54.89,1677,30.67,49.87,4.78,26.03,7.54,12.27,18.99,11.83,7.1,27.82,224,1796,11.9,17,45.11
WALES,10844,108588,46,73.36,1.6675768904463297,5973,7540,49.11,0.3103595522854529,2.66,55.08,2132,38.72,0.549304072189162,10.01364810033198,15.73,3.64,1657,45.9,0.32634773428480973,47.24875242530432,1.66,Country/Region,755,5325,395,0.5528096703714268,180,1.7698958132403155,4199,2413,n/a,2009,0.27,4594,4977,22.25,n/a,8856,3880,5043,2996,17,2341,3304,1017,69.53,455,19.66,56.94,15.28,26.43,6.96,11.48,18.53,5.14,42.36,35.78,288,1706,27.63,29,30.47
ARGENTINA,18652,103881,47,63.05,0.9709163682178855,8364,8946,74.75,0.5338275884570517,1.1,44.84,4614,54.25,0.525493206644218,5.569429551790693,7.69,1.95,657,70.34,0.5613277332977011,34.50797756272786,0.72,Country/Region,1084,13942,363,0.5288468465010332,134,0.9843875026449588,10118,4395,n/a,2427,0.11,757,13120,23.56,n/a,13556,6130,5975,2591,14,3758,9706,2317,47.96,1506,24.74,44.08,3.52,27.72,5.81,17.09,13.01,11.11,4.06,32.87,205,1435,13.89,20,52.04
ROMANIA,18129,97054,48,59.72,1.0115589883611893,6868,8622,76.19,0.5188591224071354,1.42,37.88,6117,63.54,0.4909580931801574,5.353521981355839,9.56,1.17,935,73.38,0.5455881662531644,34.68581674664902,0.93,Country/Region,583,13813,213,0.49409133374063857,169,0.9462261950844437,11520,4569,n/a,1679,0.06,665,13303,25.2,n/a,11119,4375,4164,987,14,3533,9507,1624,47.56,1798,33.74,37.45,5.16,31.77,3.22,14.61,9.26,16.17,3.67,24.13,258,1734,5.44,10,52.44
HUNGARY,13178,94516,49,72.31,1.2705296023675825,7122,8840,66.39,0.37715955182752664,1.92,54.04,3979,55.59,0.4781193473222717,7.172256791622401,11.12,4.44,2725,62.41,0.39658893788318167,42.23605053118835,1.21,Country/Region,701,8749,585,0.48117065241855245,159,1.2676845780666148,7326,2203,n/a,2173,0.13,3106,8224,16.72,n/a,10703,4517,4867,1435,6,2983,4338,1490,67.08,1363,30.19,45.47,20.68,27.87,5.32,13.92,16.49,12.73,23.57,34.28,253,1465,10.89,17,32.92
UNITED ARAB EMIRATES,9502,83158,50,77.69,1.4149462849926333,7181,4336,51.59,0.2719509835684594,2.3,75.57,2579,45.31,0.42066368323485404,8.751631235529363,15.07,1.27,442,52.98,0.28596054695446904,48.56134188591876,1.4,Country/Region,477,4902,121,0.4233483126012737,133,1.5468364104259935,4305,279,n/a,942,0.09,612,5034,2.94,n/a,6828,2271,3039,838,11,2162,5166,1102,45.63,525,27.14,44.51,4.65,31.66,5.02,16.14,9.91,7.69,6.44,23.9,219,1432,8.82,9,54.37
COLOMBIA,15053,77622,51,59.78,0.8105223277751944,7799,8482,71.64,0.43082279053420536,0.97,51.81,5976,53.38,0.3926592320649347,5.156580083704245,7.45,1.44,689,64.98,0.4530166400026965,33.05002507805753,0.58,Country/Region,646,10784,217,0.39516514010361087,88,0.9114170389594545,8036,2572,n/a,2410,0.07,715,9781,17.09,n/a,9633,4243,3905,1171,32,2768,6571,1736,56.35,1224,39.7,40.54,4.58,28.73,4.29,18.02,16.01,12.71,4.75,28.19,146,1122,7.78,11,43.65
NIGERIA,12339,73691,52,70.41,0.9540240943350353,6410,6213,77.45,0.35314704128091146,1.21,51.95,4450,56.78,0.37277384594698804,5.972201961261042,9.17,0.61,436,66.48,0.37133942210810283,38.54286396790664,0.68,Country/Region,562,9556,75,0.3751528476382364,84,1.0555768628129731,7006,2040,n/a,604,0.05,794,8203,16.53,n/a,7175,3156,2418,765,4,2314,6126,1517,50.35,926,36.06,33.7,3.53,32.25,4.55,21.14,4.9,12.91,6.43,25.58,149,1132,6.2,6,49.65
BANGLADESH,7847,69843,53,76.95,1.2854068178921882,4976,3662,72.36,0.22458423153669765,2.1,63.41,2410,48.85,0.35330832425228975,8.900598955014654,14.15,0.71,349,60.07,0.23615369521697732,47.184324085637826,1.39,Country/Region,465,5678,56,0.3555630991246875,109,1.5731662095544683,3833,1025,n/a,486,0.13,405,4714,13.06,n/a,5075,2147,1899,438,8,1781,4185,873,46.67,522,30.71,37.42,4.45,35.09,5.93,17.2,6.19,10.29,5.16,27.36,165,1110,5.58,10,53.33
INDONESIA,23408,68452,54,48.86,0.6883685064935064,6500,14387,83.04,0.6699461822111659,0.7,27.77,12061,73.73,0.3462718012072468,2.9242993848257006,5.76,0.38,510,78.68,0.7044584806472544,27.49958679938483,0.24,Country/Region,961,19437,88,0.3484816697633708,56,0.5168651011106181,17258,4717,n/a,747,0.02,965,18417,20.15,n/a,6416,3663,2306,855,13,2115,9021,1232,61.46,763,51.53,35.94,2.18,32.96,4.11,19.2,3.19,11.89,4.12,15.65,163,1349,3.65,5,38.54
QATAR,5609,57919,55,80.5,1.4796516313068284,4078,2995,51.58,0.1605317898164059,2.25,72.7,1686,51.06,0.2929894883147684,10.326083080763059,16.92,1.57,606,53.54,0.16880158996712447,51.239168390087364,1.48,Country/Region,266,2893,88,0.2948593150094179,83,1.8251181815754334,2864,333,n/a,566,0.12,372,3003,5.94,n/a,4219,1939,2082,437,10,1341,2614,558,53.4,238,30.06,49.35,10.8,31.78,4.74,13.23,10.09,5.64,6.63,34.57,126,949,7.79,7,46.6
NORTHERN IRELAND,5644,55009,56,73.9,1.579365060240964,3549,4018,49.52,0.16153350360559723,2.45,62.88,1072,42.04,0.2782689404635283,9.746456413890858,15.17,2.76,756,45.85,0.1698549070733554,47.33851155209072,1.49,Country/Region,534,2795,156,0.28004482224059585,84,1.7226701226202223,2373,856,n/a,1276,0.21,1657,2588,15.17,n/a,4617,2124,2658,1656,25,1227,1626,532,71.19,200,18.99,57.57,13.39,26.58,9.46,11.52,22.61,4.33,29.36,37.63,138,856,29.34,12,28.81
SLOVENIA,7227,52007,57,72.64,1.2257742770167428,4043,4261,61.99,0.20683958727102256,1.87,55.94,2421,52.54,0.26308300072145857,7.196208661962086,12.08,2.13,713,59.68,0.21749493504945777,43.98174289470043,1.08,Country/Region,372,4480,154,0.2647619675010756,78,1.2719180317099557,3797,1163,n/a,1008,0.1,404,4313,16.09,n/a,5855,2637,2629,755,5,1813,2966,758,58.96,655,33.5,44.9,9.87,30.96,5.15,12.95,13.95,11.19,5.59,36.49,135,873,10.45,7,41.04
IRAQ,7602,50485,58,68.59,1.0267674822415154,3734,3371,76.47,0.2175722350123583,1.57,49.12,2483,51.09,0.25538380009273437,6.641015522230992,11.55,0.47,208,66.97,0.22878047547336072,38.605667390160484,0.82,Country/Region,356,5813,36,0.2570136314206126,62,1.1737885584446397,3884,1317,n/a,312,0.05,329,5091,17.32,n/a,3946,1117,1297,324,2,1202,4231,790,44.34,657,32.66,32.87,2.74,30.46,4.68,20.02,4.1,16.65,4.33,14.69,119,878,4.26,4,55.66
CROATIA,8655,49742,59,63.21,1.0177041478913922,3966,4736,71.2,0.24770950987002904,1.32,45.82,3233,55.29,0.2516252547135346,5.747198151357597,9.52,1.33,429,68.58,0.2604702729836802,36.31486235701907,0.8,Country/Region,368,6162,115,0.25323109941812644,69,1.0158078099042709,4785,1561,n/a,985,0.08,523,5936,18.04,n/a,5761,2769,2260,706,9,1699,3919,919,54.72,883,37.35,39.23,4.96,29.49,4.25,15.95,11.38,15.33,6.04,31.99,114,824,8.16,7,45.28
SERBIA,8442,47569,60,66.7,0.9844187751717604,4258,4450,71.01,0.24161336595295035,1.34,50.44,3052,59.68,0.24063290059644019,5.6348021795782985,9.19,1.18,341,67.47,0.25406008602290336,36.5426288557214,0.91,Country/Region,377,5995,100,0.24216859330587545,77,0.995942006963716,5038,1698,n/a,807,0.07,595,5696,20.11,n/a,6873,2446,2308,680,3,1909,3992,1138,52.71,1518,36.15,33.58,4.04,27.78,4.47,16.56,9.56,22.09,7.05,28.97,113,776,8.05,6,47.29
ESTONIA,3890,46147,61,74.47,1.7983858354755784,2663,2223,54.06,0.11133333257012283,2.67,68.46,1119,43.19,0.23343956071861768,11.862982005141388,15.73,2.72,429,52.78,0.11706867266395332,47.763017377892034,1.72,Country/Region,221,2103,106,0.23492934632399742,67,2.0967625357984034,1680,237,n/a,680,0.26,413,2053,6.09,n/a,2806,1247,1446,454,3,785,1667,370,57.15,205,28.77,51.53,11.03,27.98,5.68,13.19,17.48,7.31,10.62,32.06,104,612,11.67,10,42.85
UKRAINE,15224,43418,62,49.53,0.7199678862322648,5410,6727,80.75,0.43571687790425445,0.89,35.54,4410,67.4,0.2196346208265097,2.8519442984760905,5.27,1.48,654,75.43,0.45816284643599625,24.60205013137152,0.3,Country/Region,853,12293,226,0.2210363048236141,46,0.504076458738357,10261,4147,n/a,1793,0.03,398,11484,27.24,n/a,5852,1649,2006,810,3,1353,8497,986,44.19,1507,28.97,34.28,4.3,23.12,5.6,16.85,11.78,25.75,2.61,10.83,136,803,5.32,4,55.81
TUNISIA,8219,42838,63,69.07,0.7954662854361846,4706,2821,80.34,0.23523101809610272,0.68,57.26,1636,64.78,0.21670062847127972,5.212069594841221,7.35,0.33,167,66.26,0.24734895131748902,36.95090354057672,0.51,Country/Region,478,6603,27,0.21808358805182143,42,0.9212247186837729,5324,1462,n/a,573,0.09,137,5446,17.79,n/a,6325,1328,1964,540,4,2053,5398,1428,34.32,880,19.91,31.05,2.03,32.46,5.82,22.58,6.97,13.91,1.67,16.16,56,604,6.57,7,65.68
MOROCCO,7732,42425,64,69.92,0.8987546947749612,3358,3268,82.49,0.22129288622935467,1.22,43.43,2203,71.02,0.2146114235700556,5.486937403000518,9.04,0.28,197,76.56,0.23269279615364705,39.24699107604759,0.65,Country/Region,420,6378,22,0.21598105007466553,50,0.9698071511780356,5491,1692,n/a,630,0.03,194,5920,21.88,n/a,4708,1668,1567,448,6,1413,4464,982,42.27,746,28.49,33.28,2.55,30.01,5.43,20.86,8.15,15.85,2.51,21.57,94,699,5.79,2,57.73
ALGERIA,7105,40438,65,72.36,0.8747374806474315,3808,2354,86.35,0.2033478992058413,1.49,53.6,1359,56.99,0.2045599704496384,5.691484869809993,8.52,0.42,138,75.72,0.21382337256488135,37.42590499648135,1.07,Country/Region,421,6135,30,0.20586544968578258,76,1.0059605791283348,4049,1312,n/a,582,0.07,142,5380,18.47,n/a,4919,723,1382,436,3,1537,4751,1123,33.13,877,19.13,28.1,1.94,31.25,5.93,22.83,8.19,17.83,2.0,10.18,106,605,6.14,5,66.87
SLOVAKIA,8903,40202,66,64.42,0.8620266988655509,4580,4783,67.84,0.2548073675762991,1.06,51.44,3566,56.73,0.20336613907751033,4.515556553970572,8.28,1.62,382,67.83,0.26793377705068805,35.53166844883747,0.57,Country/Region,357,6040,144,0.20466399941312208,51,0.7981171855896776,5051,1121,n/a,895,0.04,372,6039,12.59,n/a,5622,2311,2035,478,6,1686,4120,953,53.72,948,40.05,36.2,4.29,29.99,4.01,16.95,10.05,16.86,4.18,25.96,94,737,5.37,4,46.28
JORDAN,5404,39369,67,75.63,1.23439866765359,3181,2367,68.8,0.15466460905114235,1.85,58.86,1659,50.33,0.19915231902249897,7.285159141376758,12.32,0.67,173,64.77,0.16263216120205753,43.73032642487047,1.07,Country/Region,218,3718,36,0.20042328722190947,58,1.2876398824804582,2720,726,n/a,291,0.15,188,3500,13.43,n/a,3643,1343,1201,317,14,1179,3037,761,43.8,502,30.7,32.97,3.2,32.36,4.03,20.89,5.38,13.78,3.48,24.85,100,666,5.87,8,56.2
ETHIOPIA,6476,39010,68,80.91,0.8691734095120446,3031,4672,79.29,0.18534567139437413,0.8,46.8,3940,58.88,0.1973362789267618,6.02378011117974,7.27,0.53,322,72.11,0.1948937594271881,42.94741525633107,0.45,Country/Region,186,5135,34,0.19859565735798945,29,1.0646932158824163,3813,1412,n/a,444,0.05,229,4670,21.8,n/a,4314,3554,1190,224,9,1888,1804,856,72.14,380,60.84,27.58,4.97,43.76,2.87,19.84,6.86,8.81,3.54,54.88,52,471,3.46,3,27.86
MACAU,2854,36981,69,85.0,1.8347238262088297,1043,1030,44.99,0.08168260441005926,2.8,36.55,635,45.3,0.18707236429096583,12.95760336370007,19.66,1.44,65,50.95,0.08589048631951743,56.53658885774352,2.59,Country/Region,141,1284,41,0.1882662395477008,74,2.290235058517891,1293,1393,n/a,179,0.14,82,1454,48.81,n/a,2410,571,1416,189,17,648,1824,237,36.09,109,22.25,58.76,2.28,26.89,4.94,9.83,6.27,4.52,2.87,20.01,80,561,6.62,4,63.91
LEBANON,4501,34318,70,73.43,1.118254810042213,2946,2140,66.45,0.12882039329000589,1.6,65.45,1219,51.01,0.173601292494453,7.6245278826927345,11.2,2.02,152,58.79,0.1354565798612992,42.9020462119529,1.24,Country/Region,340,2991,91,0.17470919685238356,56,1.3476227487027963,2296,377,n/a,409,0.09,158,2646,8.38,n/a,3432,1351,1440,429,18,1003,2361,669,47.54,320,27.08,41.96,3.38,29.22,7.55,19.49,9.09,9.32,3.51,30.02,72,504,9.53,4,52.46
KENYA,4469,32986,71,79.12,1.151565383754755,3561,3021,48.53,0.12790454068274523,1.32,79.68,1841,37.48,0.16686322729244205,7.381069590512419,12.11,1.45,537,42.65,0.13449354707845948,46.79280776460058,0.9,Country/Region,262,2169,65,0.16792813005923202,40,1.3045918964388454,1675,356,n/a,411,0.13,482,1906,7.97,n/a,3537,2115,1640,381,3,1173,1448,465,67.6,259,41.19,46.37,12.02,33.16,5.86,13.15,9.2,7.32,10.79,47.33,59,541,8.53,6,32.4
CYPRUS,3719,32112,72,72.65,1.432230814735144,2715,1925,49.74,0.10643924520007374,2.2,73.0,996,43.18,0.16244200432956102,8.63457918795375,14.82,1.86,242,47.75,0.11192246623065358,46.01339994622211,1.48,Country/Region,250,1850,69,0.16347869133759954,55,1.526147653755144,1606,198,n/a,574,0.24,354,1776,5.32,n/a,2709,1099,1225,437,4,801,1794,432,51.76,251,26.78,45.22,6.51,29.57,6.72,15.95,15.43,9.27,9.52,29.55,82,551,11.75,9,48.24
LITHUANIA,4987,31619,73,71.25,1.0229479647082413,2647,2866,65.59,0.142729904762777,1.46,53.08,1961,55.74,0.1599481108276155,6.340284740324845,10.61,1.34,367,63.42,0.1500826402506774,41.1884406055745,0.66,Country/Region,223,3271,67,0.16096888208157573,33,1.1206348879266463,2780,635,n/a,497,0.08,311,3163,12.73,n/a,3883,1547,1652,315,16,1233,2121,535,57.47,463,39.32,42.54,7.36,31.75,4.47,13.78,9.97,11.92,6.24,31.02,73,529,6.32,4,42.53
PHILIPPINES,4800,29423,74,61.94,1.0402442083333334,2505,2096,66.5,0.13737789108909756,1.46,52.19,1257,48.1,0.1488394087378137,6.129791666666667,10.17,2.19,296,55.96,0.1444549174259578,36.73353854166667,1.08,Country/Region,269,3192,105,0.14978928547665019,52,1.0834305837558873,2309,441,n/a,309,0.1,254,2686,9.19,n/a,2933,1141,1307,274,0,785,2704,474,43.67,367,26.19,44.56,6.17,26.76,5.6,16.16,6.44,12.51,5.29,23.77,70,488,5.71,5,56.33
BULGARIA,6058,29075,75,52.16,0.8998999009574117,2675,2434,70.04,0.1733823467120319,1.07,44.16,1515,50.02,0.1470790133246757,4.799438758666226,7.82,1.49,286,64.82,0.18231414370134427,28.76906721690327,0.71,Country/Region,246,4243,90,0.14801765541357456,43,0.8482928978286179,3030,870,n/a,675,0.08,357,3927,14.36,n/a,3450,1232,1358,387,3,937,3624,491,40.18,664,25.01,39.36,4.72,27.16,4.06,14.23,11.14,19.25,5.89,20.34,65,474,6.39,5,59.82
GHANA,4274,27418,76,79.13,1.0080363359850257,2837,2386,62.96,0.12232356385725063,1.08,66.38,1634,46.72,0.13869690068223417,6.415067852129153,9.08,0.98,282,55.17,0.12862506605802995,43.987563781001406,0.66,Country/Region,150,2691,42,0.13958204905002192,28,1.1338526798000335,1997,453,n/a,294,0.05,355,2358,10.6,n/a,2823,1560,1057,320,1,1059,1888,488,55.83,219,38.23,37.44,6.6,37.51,3.51,17.29,6.88,7.76,8.31,36.5,46,388,7.49,2,44.17
PERU,5123,26602,77,58.03,0.9030837009564708,3062,2909,63.91,0.14662227834363475,1.03,59.77,1913,47.3,0.1345690769548761,5.192660550458716,9.23,1.39,309,57.68,0.15417552957774625,33.196264512980676,0.47,Country/Region,292,3274,71,0.1354278820055687,24,0.9177942020481371,2423,816,n/a,658,0.08,269,2955,15.93,n/a,2959,1621,1268,395,4,776,2214,553,56.78,362,37.34,42.85,6.03,26.23,5.7,18.69,12.84,12.23,5.25,31.64,53,473,7.71,4,43.22
OMAN,2369,23001,78,76.07,1.2675465597298439,1829,975,53.65,0.06780171333126503,1.69,77.21,599,39.21,0.1163530313149051,9.709159983115239,12.37,0.8,73,52.09,0.07129452070460295,45.317978978471935,1.39,Country/Region,120,1271,19,0.11709558356552464,33,1.7160780398930107,929,80,n/a,168,0.13,114,1234,3.38,n/a,1705,509,629,183,4,551,1394,342,41.16,183,25.28,36.89,3.08,32.32,5.07,20.06,7.09,10.73,4.81,21.49,40,293,7.72,3,58.84
ECUADOR,4846,22858,79,58.89,0.7616154147750722,3195,2378,65.74,0.13869442921203476,0.87,65.93,1679,46.24,0.11562965044111563,4.716879900949237,7.14,0.93,202,59.22,0.1458392770512899,33.03157451506397,0.54,Country/Region,184,3186,45,0.11636758615454815,26,0.8337007556687234,2241,308,n/a,628,0.06,254,2870,6.36,n/a,2728,1383,1044,313,1,870,2468,499,49.07,315,34.65,38.27,4.17,31.89,3.8,18.29,12.96,11.55,5.24,28.54,42,346,6.46,3,50.93
LUXEMBOURG,2429,21094,80,79.79,1.423669946480033,1920,1579,47.63,0.06951893696987875,2.18,79.04,561,40.92,0.10670626679520927,8.68423219431865,14.99,3.91,341,45.53,0.0731002071724274,50.7576734870317,1.19,Country/Region,145,1157,95,0.10738725445550962,29,1.5349237408713985,994,77,n/a,614,0.08,176,1106,3.17,n/a,1866,907,1003,532,6,532,850,222,65.01,109,23.1,53.75,14.04,28.51,5.97,11.9,25.28,5.84,7.25,37.34,53,364,21.9,2,34.99
KUWAIT,2315,20112,81,77.15,1.3553402159827213,1565,1057,61.43,0.06625621205651269,1.9,67.6,680,41.47,0.10173871422135435,8.687688984881209,13.39,2.33,105,56.59,0.06966940288356091,45.18156989200864,0.86,Country/Region,129,1422,54,0.10238799950740539,20,1.5355347229113725,960,145,n/a,153,0.22,105,1310,6.26,n/a,1818,631,758,143,2,532,1258,346,45.66,182,29.37,41.69,4.54,29.26,5.57,19.03,6.61,10.01,4.54,27.26,44,310,6.18,5,54.34
ICELAND,2077,20068,82,75.4,1.5682270582571016,1576,1236,49.93,0.05944455829001159,2.94,75.88,497,41.12,0.10151613549095757,9.662012518054887,16.32,3.18,290,45.98,0.0625068465611905,48.58205763119885,1.44,Country/Region,146,1037,66,0.10216400030402802,30,1.7077448030767053,854,122,n/a,354,0.24,249,955,5.87,n/a,1726,748,851,303,2,512,841,184,59.51,179,23.93,49.3,13.96,29.66,7.03,10.66,17.04,10.37,11.99,36.01,61,339,14.59,5,40.49
NEPAL,2669,19347,83,73.1,1.0238995503934059,1725,1849,61.48,0.07638783152433362,1.12,64.63,1392,47.62,0.09786887947695617,7.24878231547396,9.7,0.49,183,52.72,0.08032295304372529,40.07387515923567,1.01,Country/Region,140,1641,13,0.0984934679032305,27,1.2812103384002944,1271,190,n/a,203,0.15,150,1407,7.12,n/a,1930,1383,614,134,10,598,820,300,69.28,418,52.15,31.81,6.86,30.98,5.25,15.54,7.61,21.66,5.62,51.82,30,259,5.02,4,30.72
SRI LANKA,2813,19258,84,68.61,1.1547001777461785,1500,1390,71.95,0.08050916825700655,1.35,53.32,940,57.98,0.09741866340865364,6.846071809456097,8.75,0.71,139,62.96,0.08465660056650404,38.000705545680766,1.17,Country/Region,137,2024,20,0.0980403786054899,33,1.2100319195655767,1631,471,n/a,274,0.14,209,1771,16.74,n/a,1757,824,688,174,0,541,1423,317,49.41,211,33.42,39.16,4.94,30.79,4.87,18.04,9.74,12.01,7.43,29.29,38,246,6.19,4,50.59
KAZAKHSTAN,4415,18648,85,55.56,0.7495715968289921,2619,2017,70.22,0.1263590394079929,0.93,59.32,1232,59.93,0.09433291282815313,4.2237825594563985,6.82,0.61,125,65.37,0.13286842925741746,29.40593216308041,0.39,Country/Region,418,3100,27,0.0949349351041217,17,0.7465466124949512,2646,673,n/a,289,0.05,97,2886,15.24,n/a,2094,669,735,242,5,634,2398,338,45.69,387,27.9,35.1,2.83,30.28,9.47,16.14,6.55,18.48,2.2,15.15,41,301,5.48,2,54.31
CAMEROON,2281,17517,86,76.24,1.0737267864971505,1601,1245,68.87,0.06528311866129824,1.67,70.19,845,49.93,0.08861162773545467,7.6795265234546255,8.72,0.92,91,60.32,0.06864618055179371,40.10869951775537,1.18,Country/Region,131,1571,21,0.0891771373991259,27,1.3573436678965867,1139,224,n/a,227,0.26,133,1376,9.82,n/a,1701,803,564,178,0,584,1036,373,54.58,180,37.05,33.16,3.99,34.33,5.74,21.93,9.95,10.58,5.83,35.2,38,199,7.8,6,45.42
UGANDA,2542,17394,87,77.73,1.0714857592446894,2103,1787,50.04,0.07275304148926792,1.46,82.73,1151,34.62,0.08798941901184554,6.8426435877262,9.8,1.57,243,40.36,0.07650091668683016,44.98923552321007,0.87,Country/Region,147,1272,40,0.08855095780786641,22,1.2094259870197344,880,152,n/a,294,0.08,324,1026,5.98,n/a,2017,1343,874,246,1,709,755,278,70.3,156,45.28,43.33,9.56,35.15,5.78,13.78,11.57,7.73,12.75,52.83,37,249,9.68,2,29.7
TANZANIA,2444,15494,88,80.52,1.0141843289689036,1972,1680,50.12,0.06994824287953218,0.94,80.69,1108,34.25,0.07837806474471282,6.339607201309329,8.8,0.98,268,40.71,0.07355162878938352,44.85757381342062,0.57,Country/Region,131,1225,24,0.07887826493475233,14,1.120515134021291,837,140,n/a,230,0.08,283,995,5.73,n/a,1901,1266,844,173,2,649,764,282,68.74,126,45.34,44.4,10.97,34.14,5.36,14.83,9.41,6.63,11.58,51.8,23,215,7.08,2,31.26
LATVIA,2375,13309,89,63.45,1.2115890526315791,1323,1428,61.22,0.06797343569512641,1.56,55.71,793,49.52,0.06732500733751019,5.603789473684211,10.65,1.6,187,59.79,0.07147508935138538,36.775983705263165,0.63,Country/Region,263,1454,38,0.06775466813067116,15,0.9904605622625208,1176,289,n/a,286,0.04,201,1420,12.17,n/a,1432,700,625,185,5,414,947,216,60.13,177,33.39,43.65,7.87,28.91,11.07,15.08,12.04,12.36,8.46,29.47,37,253,7.79,1,39.87
PALESTINE,1120,12491,90,79.82,1.4850711607142857,778,577,57.68,0.032054841254122765,2.68,69.46,406,37.95,0.0631870663951341,11.152678571428572,15.8,0.98,63,53.66,0.03370614739939016,49.306070267857145,1.61,Country/Region,44,646,11,0.06359031930424626,18,1.9712175734767439,425,38,n/a,141,0.27,109,601,3.39,n/a,841,369,280,64,1,297,543,171,51.52,93,36.25,33.29,5.62,35.32,3.93,20.33,12.59,11.06,9.73,32.95,30,177,5.71,3,48.48
PANAMA,872,12235,91,78.56,2.0580709862385325,752,547,43.23,0.024956983547852727,4.47,86.24,249,33.83,0.0618920628728257,14.030963302752294,14.11,2.64,118,36.12,0.02624264333238234,47.70543291284404,2.75,Country/Region,91,377,23,0.06228705121186878,24,2.4799496603487095,295,30,n/a,126,0.57,82,315,3.44,n/a,744,335,389,89,2,179,325,137,62.73,39,28.56,52.28,13.53,24.06,10.44,18.41,14.45,5.24,9.4,38.42,39,123,10.21,5,37.27
REPUBLIC OF GEORGIA,1359,11827,92,67.11,1.4432743929359824,994,738,42.46,0.03889511541460075,3.31,73.14,397,34.36,0.059828151009146666,8.702722590139809,15.08,2.43,123,35.54,0.04089879849622431,41.80688086828551,1.69,Country/Region,73,577,33,0.06020996768964218,23,1.5381918878864649,467,103,n/a,370,0.07,238,483,7.58,n/a,1084,455,495,145,2,316,621,129,54.3,144,29.21,45.66,9.05,29.15,5.37,11.9,27.23,13.28,17.51,33.48,45,205,10.67,1,45.7
BELARUS,2352,10740,93,56.63,0.7998159863945579,1507,1110,56.12,0.06731516663365782,1.66,64.07,717,44.3,0.05432944464684495,4.566326530612245,7.31,0.81,122,47.96,0.07078290953871934,28.312735289115647,0.68,Country/Region,94,1320,19,0.05467616918802375,16,0.8070906953631464,1042,213,n/a,434,0.0,209,1128,9.06,n/a,1578,466,595,177,0,369,1242,201,47.19,413,30.48,37.71,5.19,23.38,4.0,12.74,18.45,26.17,8.89,19.81,39,172,7.53,0,52.81
YEMEN,986,10712,94,82.05,1.900538336713996,889,507,51.62,0.028219708461218795,3.35,90.16,432,25.25,0.054187803636592466,10.864097363083165,20.08,0.91,23,37.42,0.02967344762124884,52.83376135902637,1.93,Country/Region,34,509,9,0.05453362424041998,19,1.9202113200800988,249,1,n/a,84,0.2,26,369,0.1,n/a,738,242,256,18,0,269,479,144,51.42,69,43.81,34.69,2.33,36.45,3.45,19.51,8.52,9.35,2.64,24.54,33,198,1.83,2,48.58
COSTA RICA,1902,10243,95,58.25,1.0223558885383806,1162,1067,60.2,0.05443598934405491,1.52,61.09,730,39.59,0.0518153167148634,5.385383806519453,8.46,1.68,101,53.58,0.05724026103003579,32.7900563617245,0.42,Country/Region,74,1145,32,0.05214599636805655,8,0.9518577202183663,753,127,n/a,355,0.05,67,1019,6.68,n/a,1191,548,524,162,0,287,835,219,56.1,161,38.38,44.0,5.31,24.1,3.89,18.39,18.66,13.52,3.52,28.81,29,161,8.52,1,43.9
URUGUAY,2304,9930,96,63.28,0.7435595486111111,1431,1116,60.29,0.06594138772276684,0.82,62.11,653,46.35,0.050231972564541004,4.309895833333333,7.51,0.82,97,55.43,0.06933836036445976,35.27928541666667,0.39,Country/Region,136,1389,19,0.05055254748948566,9,0.7617669918584072,1068,197,n/a,248,0.0,75,1277,8.55,n/a,1644,578,709,230,2,475,1188,292,48.44,168,28.34,43.13,4.21,28.89,5.9,17.76,10.76,10.22,3.26,25.09,19,173,9.98,0,51.56
AZERBAIJAN,1869,9698,97,50.67,0.8929272338148743,845,608,69.77,0.053491516342817375,1.77,45.21,389,41.68,0.04905837562244901,5.188871054039593,10.11,0.37,69,65.86,0.05624713347273233,28.403812359550564,1.07,Country/Region,73,1304,7,0.049371460780768574,20,0.9171244147958496,779,252,n/a,244,0.05,101,1231,13.48,n/a,977,297,318,77,0,230,1261,173,32.53,256,20.81,32.55,3.69,23.54,3.91,17.71,13.06,26.2,5.4,15.89,33,189,4.12,1,67.47
MOZAMBIQUE,712,7814,98,75.28,1.3394655898876406,657,523,39.47,0.020377720511549475,1.97,92.28,344,25.42,0.03952795907546056,10.974719101123595,11.94,1.69,76,27.95,0.021427479418183744,43.60883061797753,1.4,Country/Region,39,281,12,0.03978022216342809,10,1.9397635301287657,181,10,n/a,61,0.28,74,199,1.4,n/a,609,382,253,64,0,207,189,103,73.46,46,48.31,41.54,10.67,33.99,5.48,16.91,8.57,7.55,10.39,53.65,14,85,8.99,2,26.54
SUDAN,1293,7619,99,71.77,0.7949008507347255,1095,720,56.38,0.03700616941212566,1.08,84.69,549,33.26,0.038541530611202204,5.892498066511988,9.44,0.77,60,37.59,0.03891254338161739,39.278386156225835,0.62,Country/Region,53,729,10,0.038787498421187436,8,1.0414893306566733,430,47,n/a,68,0.15,51,486,3.63,n/a,841,450,307,58,3,292,573,142,55.68,100,42.46,36.5,4.64,34.72,4.1,16.88,5.26,11.89,3.94,34.8,14,122,4.49,2,44.32
SENEGAL,973,7586,100,69.99,1.142815107913669,745,594,49.85,0.027847643339519154,1.95,76.57,357,36.49,0.03837459656340464,7.796505652620761,11.82,1.44,65,41.93,0.0292822155532202,40.63202261048305,1.23,Country/Region,71,485,14,0.0386194990186544,12,1.3780195363586287,355,53,n/a,146,0.1,76,408,5.45,n/a,704,381,312,101,0,203,379,113,61.05,76,36.69,44.32,6.68,28.84,7.3,16.05,15.01,10.8,7.81,39.16,19,115,10.38,1,38.95
ZIMBABWE,1224,7579,101,74.43,0.9493561274509804,931,741,53.59,0.03503136222771988,1.23,76.06,465,38.56,0.038339186310841517,6.191993464052287,9.8,0.74,115,47.3,0.036836003943619244,42.67602009803922,1.06,Country/Region,59,656,9,0.03858386278175345,13,1.0944246490221894,472,49,n/a,102,0.0,152,579,4.0,n/a,820,476,340,102,0,283,483,116,60.54,81,37.99,41.46,9.4,34.51,4.82,14.15,8.33,9.88,12.42,38.89,15,120,8.33,0,39.46
VENEZUELA,1626,7551,102,51.97,0.6647540590405905,1045,686,61.93,0.046536760606431804,1.11,64.27,420,39.42,0.03819754530058903,4.643911439114391,7.26,0.86,68,57.01,0.04893410327804321,27.681269926199263,0.55,Country/Region,78,1007,14,0.03844131783414967,9,0.8208037001894324,641,81,n/a,190,0.0,51,927,4.98,n/a,980,335,301,120,3,256,940,203,42.19,220,25.83,30.71,4.18,26.12,4.8,20.71,11.69,22.45,3.14,20.6,18,118,7.38,0,57.81
BAHRAIN,867,7476,103,67.94,1.2123810841983853,595,368,52.71,0.02481388157796825,1.27,68.63,247,42.33,0.03781814973741274,8.622837370242214,10.38,1.15,41,51.21,0.026092169460063635,38.6340738177624,0.81,Country/Region,21,457,10,0.03805950101021095,7,1.524072306808731,367,49,n/a,44,0.23,38,444,5.65,n/a,505,236,178,59,0,153,499,117,42.45,57,28.49,35.25,4.73,30.3,2.42,23.17,5.07,11.29,4.38,27.22,11,90,6.81,2,57.55
BOTSWANA,841,7440,104,73.13,1.3852331747919144,653,428,53.51,0.02406975133456897,1.55,77.65,248,40.9,0.03763603986708813,8.846611177170036,9.39,1.19,48,49.46,0.025309705324006358,39.91018370986921,1.07,Country/Region,35,450,10,0.03787622893472037,9,1.563623958716817,344,19,n/a,65,0.24,101,416,2.26,n/a,633,248,274,97,0,198,413,106,50.89,55,29.49,43.29,5.71,31.28,4.16,16.75,7.73,8.69,12.01,29.49,13,79,11.53,2,49.11
BRUNEI,631,7280,105,77.34,1.6160408874801901,474,277,48.81,0.018059468599420953,2.38,75.12,182,43.26,0.03682666266564537,11.537242472266245,14.26,1.11,21,52.3,0.01898980268662071,48.62864025356577,1.58,Country/Region,34,308,7,0.03706168637698445,10,2.0391886097261,273,27,n/a,34,0.16,41,330,4.28,n/a,412,150,161,40,0,133,354,81,43.9,37,28.84,39.08,3.33,32.28,5.39,19.66,5.39,8.98,6.5,23.77,15,90,6.34,1,56.1
RWANDA,749,7048,106,78.1,1.3607507343124168,665,478,48.2,0.0214366750886946,1.47,88.79,293,27.24,0.035653065723553375,9.409879839786381,12.02,1.6,80,35.11,0.022540986073342168,45.99414659546061,0.93,Country/Region,51,361,12,0.035880599668267364,7,1.6631807673549286,204,11,n/a,75,0.27,60,263,1.47,n/a,572,361,249,54,1,210,271,81,63.82,32,39.12,43.53,10.68,36.71,6.81,14.16,10.01,5.59,8.01,48.2,11,90,7.21,2,36.18
ZAMBIA,890,6873,107,78.31,1.2257714606741572,781,631,40.9,0.02547215063943684,0.9,87.75,379,28.65,0.03476780940947536,7.722471910112359,9.55,1.69,99,31.24,0.02678434927272968,45.53815966292135,0.79,Country/Region,67,364,15,0.0349896937457437,7,1.36493419427438,255,26,n/a,79,0.11,109,278,2.92,n/a,728,467,329,86,0,263,259,94,70.9,42,42.58,45.19,11.12,36.13,7.53,12.91,8.88,5.77,12.25,52.47,8,85,9.66,1,29.1
ARMENIA,1317,6745,108,61.96,0.821660516324981,809,654,62.79,0.03769305886757115,1.21,61.43,351,40.62,0.03412030764832115,5.121488230827638,8.28,1.06,111,52.85,0.03963481796874718,33.97720235383447,0.91,Country/Region,58,827,14,0.03433805969955496,12,0.9052146117458306,535,143,n/a,390,0.08,208,696,10.86,n/a,1062,409,405,134,0,270,663,122,49.66,265,26.65,38.14,8.43,25.42,4.4,11.49,29.61,24.95,15.79,31.06,16,109,10.17,1,50.34
MALTA,1104,6585,109,63.22,1.1041587862318842,640,539,60.96,0.031596914950492445,1.54,57.97,241,42.57,0.0333109304468784,5.9646739130434785,12.23,0.45,67,56.34,0.033224631007970296,39.35852364130435,0.72,Country/Region,87,673,5,0.03352351714181904,8,1.0542462926862182,470,49,n/a,160,0.09,88,622,4.44,n/a,746,319,295,144,1,230,565,151,48.82,70,21.83,39.54,6.07,30.83,7.88,20.24,14.49,9.38,7.97,28.89,17,135,13.04,1,51.18
CUBA,2426,6316,110,40.44,0.4361039983511954,1267,764,70.9,0.06943307578794806,0.62,52.23,485,54.04,0.03195016502695276,2.603462489694971,3.79,0.54,105,65.99,0.07300992284903618,20.26032089859852,0.41,Country/Region,61,1720,13,0.03215406746662552,10,0.4601577081869468,1311,150,n/a,225,0.04,49,1601,6.18,n/a,1011,387,370,113,2,257,1662,174,31.49,210,19.99,36.6,4.33,25.42,2.51,17.21,9.27,20.77,2.02,15.95,15,92,4.66,1,68.51
MALAWI,1084,6259,111,81.09,1.3160091328413286,1003,844,35.79,0.031024507070954537,1.11,92.53,485,27.12,0.03166182439893878,5.773985239852398,8.39,2.21,159,25.18,0.032622735518695475,46.81824843173432,0.46,Country/Region,74,388,24,0.031863886680432094,5,1.0205423836880525,294,22,n/a,130,0.09,296,273,2.03,n/a,959,617,448,126,0,312,240,119,77.86,80,44.74,46.72,14.67,32.53,6.83,12.41,11.99,8.34,27.31,56.92,12,91,11.62,1,22.14
KYRGYZSTAN,484,6064,112,60.33,1.8633210743801654,363,239,44.01,0.013852270684817338,1.86,75.0,144,34.3,0.030675395934680424,12.52892561983471,9.3,1.45,43,38.22,0.014565870840450749,33.41479483471075,1.65,Country/Region,24,213,7,0.030871162938191442,8,2.2144669731513353,166,20,n/a,44,0.62,39,185,4.13,n/a,317,121,128,28,0,69,245,50,49.38,70,29.75,40.38,8.88,21.77,4.96,15.77,9.09,22.08,8.06,25.0,9,45,5.79,3,50.62
BOSNIA & HERZEGOVINA,1571,5858,113,54.42,0.7574886696371738,906,761,67.92,0.04496263893770256,0.95,57.67,576,46.4,0.02963332278782288,3.728835136855506,6.87,0.7,43,60.73,0.04727889068253745,29.649785105028645,0.38,Country/Region,56,1067,11,0.02982243939510644,6,0.659065470531678,729,163,n/a,96,0.0,42,954,10.38,n/a,895,348,236,86,1,265,810,173,48.44,221,36.66,26.37,2.74,29.61,3.56,19.33,6.11,24.69,2.67,22.15,15,108,5.47,0,51.56
MONACO,293,5760,114,84.98,2.5177525597269623,275,172,28.67,0.00838577543523033,4.78,93.86,70,31.4,0.029137579251939192,19.658703071672356,22.53,2.05,40,29.35,0.008817768917876176,54.84749385665529,5.12,Country/Region,32,84,6,0.02932353207849319,15,3.474643397857562,92,0,n/a,49,1.02,29,86,0.0,n/a,265,116,174,30,0,49,121,22,58.7,20,23.89,65.66,13.65,18.49,10.92,8.3,16.72,7.55,9.9,39.59,14,66,10.24,3,41.3
MACEDONIA,1011,5645,115,61.03,0.9202210682492582,645,461,54.8,0.028935218310641175,1.68,63.8,279,43.62,0.028555839388402213,5.583580613254203,10.58,1.19,47,46.29,0.030425816982842368,34.94994777448071,1.19,Country/Region,52,554,12,0.028738079615120496,12,0.9868886794574677,441,72,n/a,94,0.1,90,468,7.12,n/a,691,228,276,83,0,183,550,121,45.6,111,27.6,39.94,4.65,26.48,5.14,17.51,9.3,16.06,8.9,22.55,17,107,8.21,1,54.4
BOLIVIA,500,5433,116,68.0,1.5879236,433,283,36.8,0.014310196988447663,3.0,86.6,158,26.0,0.02748341459649056,10.866,15.4,0.2,48,28.8,0.015047387231870607,42.895180599999996,3.0,Country/Region,41,184,1,0.027658810726120402,15,1.9205476080222634,130,3,n/a,43,0.0,33,144,0.6,n/a,388,193,171,36,3,109,217,67,56.6,41,31.6,44.07,9.6,28.09,8.2,17.27,8.6,10.57,6.6,38.6,15,77,7.2,0,43.4
UZBEKISTAN,1265,5249,117,47.51,0.7391528853754941,604,476,68.85,0.03620479838077259,0.4,47.75,284,55.65,0.02655263081483139,4.1494071146245055,6.17,0.32,34,46.48,0.038069889696632636,26.046735810276683,0.32,Country/Region,68,871,4,0.026722086784724087,4,0.7334008750876732,704,162,n/a,138,0.08,34,588,12.81,n/a,811,155,400,90,0,143,789,112,37.63,156,22.45,49.32,2.69,17.63,5.38,13.81,10.91,19.24,2.69,12.25,5,78,7.11,1,62.37
BENIN,657,4833,118,77.32,1.1505858447488586,532,389,56.62,0.018803598842820228,0.61,80.97,257,39.27,0.024448250091080228,7.3561643835616435,8.22,1.52,57,49.16,0.019772266822677978,40.97146864535769,0.3,Country/Region,25,372,10,0.02460427613461069,2,1.3001899421192604,258,65,n/a,72,0.15,41,323,9.89,n/a,499,269,201,50,0,154,268,83,59.21,61,39.12,40.28,8.68,30.86,3.81,16.63,10.96,12.22,6.24,40.94,4,54,7.61,1,40.79
DOMINICAN REPUBLIC,462,4640,119,60.82,1.4445800865800866,397,250,34.2,0.01322262201732564,1.73,85.93,145,27.71,0.023471938841839905,10.043290043290042,11.9,2.16,29,22.73,0.013903785802248441,35.42252012987013,1.08,Country/Region,28,158,10,0.023621734174341734,5,1.7751349778496694,128,11,n/a,50,0.43,33,105,2.38,n/a,359,152,167,48,0,103,212,50,54.11,39,31.39,46.52,6.28,28.69,6.06,13.93,10.82,10.86,7.14,32.9,8,55,10.39,2,45.89
MYANMAR,847,4636,120,73.91,0.8907178276269186,719,497,45.57,0.024241473698430344,0.83,84.89,362,26.56,0.023451704411803834,5.473435655253837,7.56,0.47,54,26.68,0.025490273970788808,40.30006044864227,0.71,Country/Region,42,386,4,0.02360137061039834,6,0.9674207394958152,225,1,n/a,42,0.12,34,226,0.12,n/a,650,321,248,39,1,180,350,134,58.68,88,42.74,38.15,6.38,27.69,4.96,20.62,4.96,13.54,4.01,37.9,7,64,4.6,1,41.32
MAURITIUS,450,4585,121,75.33,1.6292431111111112,324,189,48.67,0.012879177289602898,3.78,72.0,93,39.56,0.023193715428843957,10.188888888888888,13.78,0.22,39,48.22,0.013542648508683546,44.993344888888885,2.89,Country/Region,23,219,1,0.02334173517012001,13,1.8008693340659097,178,21,n/a,31,0.0,30,217,4.67,n/a,305,121,136,34,0,99,261,44,42.0,26,20.67,44.59,8.67,32.46,5.11,14.43,6.89,8.52,6.67,26.89,17,62,7.56,0,58.0
CONGO DEMOCRATIC REPUBLIC,723,4535,122,72.75,0.9874113416320885,626,507,48.27,0.02069254484529532,1.24,86.58,329,21.99,0.022940785053393097,6.272475795297372,9.54,1.38,57,31.67,0.0217585219372849,42.171306500691564,0.83,Country/Region,49,349,10,0.023087190620827536,6,1.1086497685473875,159,10,n/a,79,0.0,58,229,1.38,n/a,571,386,231,72,0,217,216,69,70.12,54,45.5,40.46,7.88,38.0,6.78,12.08,10.93,9.46,8.02,53.39,9,69,9.96,0,29.88
LIBYA,664,4521,123,73.34,1.113371686746988,560,354,53.31,0.0190039416006585,1.2,84.34,185,29.07,0.022869964548266855,6.808734939759036,11.3,0.75,44,35.69,0.019982930243924165,40.812812198795186,0.6,Country/Region,54,354,5,0.023015918147025645,4,1.203432689325587,193,27,n/a,53,0.15,65,237,4.07,n/a,434,165,154,71,2,137,310,83,53.31,60,27.86,35.48,6.63,31.57,8.13,19.12,7.98,13.82,9.79,24.85,8,75,10.69,1,46.69
COTE IVOIRE,718,4105,124,71.73,0.8290965181058495,597,432,46.94,0.020549442875410846,1.95,83.15,256,34.12,0.020765583824515692,5.717270194986073,9.75,4.46,63,37.33,0.021608048064966193,40.87979011142062,0.42,Country/Region,40,337,32,0.020898107496912247,3,1.010518092895038,245,0,n/a,85,0.0,61,268,0.0,n/a,550,301,234,73,0,186,286,91,60.17,39,35.65,42.55,8.77,33.82,5.57,16.55,11.84,7.09,8.5,41.92,14,70,10.17,0,39.83
PARAGUAY,508,4050,125,55.91,1.0560582677165355,372,241,49.8,0.014539160140262828,1.97,73.23,145,36.02,0.02048736041151974,7.97244094488189,9.84,1.77,26,37.8,0.015288145427580536,32.96335807086614,0.98,Country/Region,29,253,9,0.020618108492690523,5,1.4091158095703726,183,36,n/a,77,0.0,32,192,7.09,n/a,375,132,132,41,0,90,267,97,47.44,56,28.54,35.2,5.12,24.0,5.71,25.87,15.16,14.93,6.3,25.98,10,50,8.07,0,52.56
CAMBODIA,572,3872,126,77.1,0.9671793706293708,524,393,37.06,0.016370865354784127,1.05,91.61,263,25.17,0.019586928274914678,6.769230769230769,9.44,2.45,37,27.97,0.017214210993259975,45.95015594405594,0.52,Country/Region,53,212,14,0.01971192989720931,3,1.1964503922323635,144,3,n/a,68,0.0,51,160,0.52,n/a,465,272,209,40,0,160,179,60,68.71,36,45.98,44.95,6.47,34.41,9.27,12.9,11.89,7.74,8.92,47.55,6,54,6.99,0,31.29
MONGOLIA,669,3666,127,74.44,0.9217454409566517,617,354,35.28,0.019147043570542976,0.9,92.23,208,22.57,0.018544855128057133,5.479820627802691,8.97,1.94,68,17.19,0.020133404116242874,42.43675186846039,0.45,Country/Region,35,236,13,0.01866320635412431,3,0.9685492728803162,151,20,n/a,76,0.0,35,115,2.99,n/a,555,221,241,43,3,176,315,82,52.91,56,31.09,43.42,10.16,31.71,5.23,14.77,11.36,10.09,5.23,33.03,6,60,6.43,0,47.09
CONGO PEOPLES REP,256,3613,128,76.56,1.583665234375,225,185,36.33,0.007326820858085204,2.73,87.89,121,26.17,0.018276748930079217,14.11328125,14.84,0.39,23,30.86,0.00770426226271775,45.577812890625005,1.95,Country/Region,17,93,1,0.01839338913187429,5,2.494499221979842,67,0,n/a,30,0.0,30,79,0.0,n/a,198,142,94,24,3,59,71,31,72.27,14,47.27,47.47,8.98,29.8,6.64,15.66,11.72,7.07,11.72,55.47,7,38,9.38,0,27.73
BURKINA FASO,689,3324,129,77.21,0.7398024673439768,596,473,47.46,0.01971945145008088,0.73,86.5,301,29.32,0.01681481135997324,4.8243831640058055,5.95,1.45,75,37.59,0.020735299605517694,40.78725979680697,0.29,Country/Region,37,327,10,0.01692212163696378,2,0.8527017803988799,202,6,n/a,80,0.0,64,259,0.87,n/a,545,363,234,60,0,172,216,90,68.65,49,43.69,42.94,10.89,31.56,5.37,16.51,11.61,8.99,9.29,52.69,5,41,8.71,0,31.35
FIJI,508,3260,130,76.57,1.3128273622047246,386,231,46.46,0.014539160140262828,2.76,75.98,135,36.22,0.01649106047939614,6.417322834645669,12.8,0.79,25,45.47,0.015288145427580536,46.584868307086616,0.79,Country/Region,32,236,4,0.01659630461386941,4,1.1342512442467692,184,11,n/a,35,0.0,44,231,2.17,n/a,346,124,171,39,0,98,277,57,45.47,20,26.57,49.42,4.92,28.32,6.3,16.47,6.89,5.78,8.66,24.41,14,65,7.68,0,54.53
GUATEMALA,496,3241,131,65.93,1.176232862903226,417,292,38.1,0.014195715412540081,2.02,84.07,168,27.82,0.016394946936724813,6.534274193548387,9.27,1.81,43,21.37,0.014927008134015641,38.801036491935484,1.81,Country/Region,41,189,9,0.016499577685138267,9,1.1549222043604785,138,6,n/a,48,0.2,34,106,1.21,n/a,400,206,159,40,0,123,204,88,58.87,30,33.87,39.75,8.67,30.75,8.27,22.0,9.68,7.5,6.85,41.53,10,46,8.06,1,41.13
MONTENEGRO,677,3182,132,64.99,0.8272666174298376,447,366,59.23,0.019376006722358136,1.18,66.03,279,29.84,0.0160964890936928,4.700147710487444,8.71,0.3,40,53.47,0.0203741623119528,36.14818611521418,0.3,Country/Region,15,401,2,0.01619921511697315,2,0.8307433685558605,202,23,n/a,116,0.0,78,362,3.4,n/a,486,223,155,32,0,129,311,78,54.06,124,41.21,31.89,5.91,26.54,2.22,16.05,17.13,25.51,11.52,32.94,8,59,4.73,0,45.94
SYRIA,649,3080,133,69.95,0.7229366718027735,327,365,67.33,0.018574635691005068,1.23,50.39,287,55.47,0.01558051112777304,4.745762711864407,7.24,0.46,20,60.71,0.019531508626968046,35.960527272727276,0.31,Country/Region,31,437,3,0.015679944236416495,2,0.8388057449394843,360,0,n/a,30,0.0,15,394,0.0,n/a,378,213,102,27,0,124,284,91,56.24,61,44.22,26.98,3.08,32.8,4.78,24.07,4.62,16.14,2.31,32.82,8,47,4.16,0,43.76
HONDURAS,319,2953,134,66.77,1.1871445141065833,282,188,30.72,0.00912990567862961,3.13,88.4,109,26.33,0.014938067974127852,9.25705329153605,12.54,1.57,26,22.26,0.009600233053933448,39.78939968652038,1.88,Country/Region,16,98,5,0.015033401081213609,6,1.6361689265961883,84,4,n/a,54,0.0,33,71,1.25,n/a,236,134,130,37,11,47,131,35,58.93,24,34.17,55.08,8.15,19.92,5.02,14.83,16.93,10.17,10.34,42.01,10,40,11.6,0,41.07
NAMIBIA,510,2933,135,74.51,0.9939556862745098,416,270,43.73,0.014596400928216619,1.18,81.57,161,35.69,0.014836895823947508,5.750980392156863,9.41,0.98,40,39.22,0.01534833497650802,40.75689235294118,0.78,Country/Region,21,223,5,0.01493158326149662,4,1.0164763147376958,182,21,n/a,48,0.0,37,200,4.12,n/a,378,187,148,48,0,114,240,63,52.94,53,31.57,39.15,7.84,30.16,4.12,16.67,9.41,14.02,7.25,36.67,6,48,9.41,0,47.06
ALBANIA,608,2863,136,62.34,0.8637078947368422,454,309,45.23,0.017401199537952362,1.48,74.67,212,33.39,0.014482793298316305,4.708881578947368,11.18,0.66,22,35.69,0.018297622873954658,37.69306365131579,0.33,Country/Region,49,275,4,0.014575220892487153,2,0.8322870654249465,203,29,n/a,33,0.0,18,217,4.77,n/a,397,175,165,26,0,118,299,64,50.82,50,34.87,41.56,3.62,29.72,8.06,16.12,5.43,12.59,2.96,28.78,9,68,4.28,0,49.18
TRINIDAD & TOBAGO,546,2798,137,66.67,0.757490293040293,308,263,65.57,0.01562673511138485,1.28,56.41,165,48.17,0.014153983810230185,5.124542124542124,6.04,0.37,13,60.62,0.0164317468572027,34.699842857142855,0.55,Country/Region,39,358,2,0.014244312978406936,3,0.9057543824313183,263,0,n/a,31,0.0,24,331,0.0,n/a,358,164,134,46,0,110,283,68,48.17,46,30.22,37.43,2.38,30.73,7.14,18.99,5.68,12.85,4.4,30.04,7,33,8.42,0,51.83
MICRONESIA,29,2778,138,89.66,12.411955172413794,25,26,17.24,8.299914253299645E-4,13.79,86.21,10,13.79,0.01405281166004984,95.79310344827586,37.93,10.34,9,13.79,8.727484594484951E-4,63.90567931034484,10.34,Country/Region,1,5,3,0.014142495158689945,3,16.93127330136347,4,0,n/a,11,6.9,10,4,0.0,n/a,26,24,17,6,0,7,3,2,89.66,0,34.48,65.38,31.03,26.92,3.45,7.69,37.93,0.0,34.48,82.76,4,11,20.69,2,10.34
PAPUA NEW GUINEA,237,2659,139,77.64,2.024048101265823,212,137,32.91,0.006783033372524193,2.11,89.45,75,26.16,0.013450837366476788,11.219409282700422,12.66,2.95,21,24.05,0.007132461547906668,47.42956751054852,0.84,Country/Region,19,78,7,0.013536679131373854,2,1.9830121168151182,62,1,n/a,28,0.42,35,57,0.42,n/a,191,87,81,22,0,52,100,42,57.81,16,31.65,42.41,8.86,27.23,8.02,21.99,11.81,8.38,14.77,36.71,5,30,9.28,1,42.19
GAMBIA,269,2557,140,77.32,1.4255973977695167,247,225,35.32,0.007698885979784844,0.74,91.82,153,31.23,0.012934859400557034,9.50557620817844,13.01,4.83,38,37.92,0.008095494330746387,46.76393011152416,0.37,Country/Region,11,95,13,0.013017408250817203,1,1.6800949428943899,84,4,n/a,38,0.0,78,102,1.49,n/a,232,192,130,23,0,69,44,20,83.64,13,56.88,56.03,14.13,29.74,4.09,8.62,14.13,5.6,29.0,71.38,2,35,8.55,0,16.36
MALI,350,2479,141,79.14,0.9254525714285715,332,272,35.71,0.010017137891913365,0.86,94.86,158,23.43,0.012540288014853691,7.082857142857143,11.43,4.29,54,23.71,0.010533171062309424,46.08414485714286,0.57,Country/Region,29,125,15,0.01262031875392094,2,1.2518833373529992,82,3,n/a,38,0.0,55,83,0.86,n/a,294,209,149,31,0,75,78,52,77.71,18,45.14,50.68,15.43,25.51,8.29,17.69,10.86,6.12,15.71,59.71,3,40,8.86,0,22.29
LAOS,336,2445,142,82.74,1.0779854166666667,324,238,35.12,0.00961645237623683,1.49,96.43,165,26.19,0.012368295359547105,7.276785714285714,8.04,1.19,31,24.11,0.010111844219817047,43.52484910714286,1.49,Country/Region,20,118,4,0.012447228460402056,5,1.2861598930298186,88,0,n/a,42,0.3,17,81,0.0,n/a,305,169,118,22,0,113,98,48,70.83,26,49.11,38.69,9.23,37.05,5.95,15.74,12.5,8.52,5.06,50.3,5,27,6.55,1,29.17
MADAGASCAR,450,2285,143,75.11,0.907896,404,294,37.11,0.012879177289602898,0.89,89.78,169,32.0,0.011558918158104349,5.0777777777777775,8.22,0.89,47,28.0,0.013542648508683546,41.95057888888889,0.44,Country/Region,29,167,4,0.011632685902666135,2,0.8974888611429888,144,2,n/a,82,0.22,41,126,0.44,n/a,393,180,178,49,0,109,156,62,65.33,44,37.56,45.29,10.44,27.74,6.44,15.78,18.22,11.2,9.11,40.0,4,37,10.89,1,34.67
FRENCH GUIANA,164,2247,144,88.41,1.5557774390243904,133,133,43.29,0.004693744612210834,2.44,81.1,74,36.59,0.011366691072761696,13.701219512195122,16.46,0.0,10,43.29,0.004935543012053558,54.93428414634147,2.44,Country/Region,18,71,0,0.011439232045203853,4,2.4216679883245265,60,2,n/a,48,0.61,15,71,1.22,n/a,143,98,78,31,0,34,31,23,81.1,8,45.12,54.55,6.1,23.78,10.98,16.08,29.27,5.59,9.15,59.76,4,27,18.9,1,18.9
BARBADOS,201,2198,145,65.17,2.220993034825871,159,118,42.79,0.005752699189355961,1.0,79.1,65,31.34,0.011118819304819852,10.935323383084578,8.96,2.49,12,35.82,0.006049049667211984,35.32931542288557,0.5,Country/Region,25,86,5,0.011189778386897227,1,1.932800401834439,63,0,n/a,19,0.0,6,72,0.0,n/a,127,79,48,16,0,49,83,18,58.71,12,32.34,37.8,5.97,38.58,12.44,14.17,9.45,9.45,2.99,39.3,2,18,7.96,0,41.29
KOSOVO,402,2159,146,58.71,0.86826592039801,253,226,68.91,0.011505398378711921,2.24,62.94,148,40.8,0.01092153361196818,5.370646766169155,11.69,0.0,16,57.96,0.012098099334423969,32.7923012437811,0.5,Country/Region,38,277,0,0.010991233638449097,2,0.9492529726024918,164,6,n/a,18,0.0,16,233,1.49,n/a,222,100,70,24,0,64,176,33,56.22,55,36.82,31.53,3.98,28.83,9.45,14.86,4.48,24.77,3.98,24.88,9,47,5.97,0,43.78
MOLDOVA,694,1991,147,41.5,0.6435687319884726,385,220,67.44,0.01986255341996536,0.58,55.48,115,41.5,0.010071687550453286,2.8688760806916425,6.48,1.44,25,53.89,0.020885773477836402,22.69267694524496,0.14,Country/Region,32,468,10,0.01013596395282638,1,0.5070691233650488,288,75,n/a,60,0.0,27,374,10.81,n/a,386,101,162,48,2,121,474,52,31.7,51,16.57,41.97,3.6,31.35,4.61,13.47,8.65,13.21,3.89,14.55,4,45,6.92,0,68.3
JAMAICA,389,1893,148,59.9,1.0577670951156812,255,164,51.93,0.011133333257012282,2.31,65.55,90,36.76,0.009575944014569598,4.866323907455013,9.0,1.03,12,46.27,0.011706867266395332,32.466676863753214,1.03,Country/Region,21,202,4,0.009637056636213127,4,0.8601147377438138,143,12,n/a,25,0.0,33,180,3.08,n/a,268,99,106,41,0,78,225,50,42.16,34,23.14,39.55,3.08,29.1,5.4,18.66,6.43,12.69,8.48,25.45,9,35,10.54,0,57.84
GABON,225,1835,149,76.89,1.1279484444444445,199,157,50.22,0.006439588644801449,2.22,88.44,82,25.78,0.0092825447790466,8.155555555555555,12.44,1.78,28,37.33,0.006771324254341773,45.483189333333335,0.89,Country/Region,15,113,4,0.009341784959033855,2,1.441481015490052,58,0,n/a,34,0.0,29,84,0.0,n/a,201,113,103,32,1,44,68,30,69.78,24,36.44,51.24,12.44,21.89,6.67,14.93,15.11,11.94,12.89,50.22,5,28,14.22,0,30.22
SIERRA LEONE,256,1809,150,78.12,1.099196484375,232,181,33.59,0.007326820858085204,1.56,90.62,121,28.12,0.009151020983812153,7.06640625,12.89,2.34,18,21.48,0.00770426226271775,46.275883203125005,1.56,Country/Region,26,86,6,0.009209421793401769,4,1.248975669128573,72,5,n/a,26,0.39,28,55,1.95,n/a,213,130,103,16,0,71,75,29,70.7,10,47.27,48.36,7.03,33.33,10.16,13.62,10.16,4.69,10.94,50.78,4,33,6.25,1,29.3
NEW CALEDONIA,241,1686,151,87.97,1.1772307053941908,215,164,46.47,0.0068975149484317745,2.07,89.21,72,39.0,0.008528812260203035,6.995850622406639,14.94,2.07,17,41.49,0.0072528406457616325,51.70571784232366,2.07,Country/Region,33,112,5,0.008583242202142276,5,1.2365050781284865,94,5,n/a,64,0.41,20,100,2.07,n/a,202,92,108,42,0,57,77,21,68.05,16,29.88,53.47,7.05,28.22,13.69,10.4,26.56,7.92,8.3,38.17,5,36,17.43,1,31.95
GRENADA,383,1487,152,62.92,0.9157522193211489,360,187,37.08,0.010961610893150911,1.57,93.99,106,30.29,0.007522149365908608,3.882506527415144,6.79,0.52,15,22.19,0.011526298619612884,33.758160313315926,0.52,Country/Region,29,142,2,0.007570154895958224,2,0.6862266357774691,116,0,n/a,8,0.0,17,85,0.0,n/a,269,155,90,37,0,93,196,57,48.83,29,27.68,33.46,3.92,34.57,7.57,21.19,2.09,10.78,4.44,40.47,6,26,9.66,0,51.17
NIGER,230,1441,153,68.7,1.365335652173913,199,172,36.09,0.006582690614685925,2.17,86.52,105,26.52,0.007289453420493815,6.265217391304348,10.0,1.3,20,27.83,0.00692179812666048,40.754241739130435,1.3,Country/Region,23,83,3,0.007335973910609147,3,1.1073668575933233,61,0,n/a,27,0.0,22,64,0.0,n/a,165,107,74,24,0,50,58,27,74.78,14,45.65,44.85,8.7,30.3,10.0,16.36,11.74,8.48,9.57,46.52,5,23,10.43,0,25.22
LIECHTENSTEIN,174,1242,154,63.22,1.194043103448276,147,69,59.77,0.004979948551979787,1.72,84.48,18,43.1,0.006282790526199388,7.137931034482759,13.79,4.6,24,39.66,0.005236490756690971,41.21086379310345,0.57,Country/Region,10,104,8,0.006322886604425095,1,1.2616175570130448,75,0,n/a,10,0.0,8,69,0.0,n/a,143,36,65,17,0,34,105,35,39.66,9,10.34,45.45,13.79,23.78,5.75,24.48,5.75,6.29,4.6,20.69,3,24,9.77,0,60.34
TAJIKISTAN,243,1203,155,67.49,0.8912041152263375,215,129,35.39,0.0069547557363855645,1.65,88.48,88,41.98,0.006085504833347717,4.950617283950617,7.41,0.41,18,32.92,0.007313030194689115,35.444791358024695,0.41,Country/Region,15,86,1,0.006124341855976963,1,0.8750134532417664,102,7,n/a,22,0.0,9,80,2.88,n/a,163,58,57,8,1,33,114,27,53.09,46,36.21,34.97,7.41,20.25,6.17,16.56,9.05,28.22,3.7,23.87,4,18,3.29,0,46.91
AFGHANISTAN,249,1137,156,70.28,0.747859437751004,198,152,52.21,0.007126478100246936,0.4,79.52,116,23.69,0.0057516367377525805,4.566265060240964,8.43,0.0,13,36.55,0.007493598841471562,39.59299437751004,0.0,Country/Region,13,130,0,0.005788343050910896,0,0.8070798305762397,59,0,n/a,11,0.0,9,91,0.0,n/a,158,91,40,10,0,66,97,31,61.04,21,46.59,25.32,5.22,41.77,5.22,19.62,4.42,13.29,3.61,36.55,1,21,4.02,0,38.96
NICARAGUA,184,1121,157,67.39,0.789246195652174,159,112,29.35,0.00526615249174874,1.09,86.41,70,15.76,0.005670699017608304,6.092391304347826,11.41,2.17,13,19.02,0.005537438501328384,39.881689673913044,0.54,Country/Region,11,54,4,0.005706888795137303,1,1.076820131299545,29,0,n/a,17,0.0,12,35,0.0,n/a,138,60,62,18,1,40,72,22,60.87,14,38.04,44.93,7.07,28.99,5.98,15.94,9.24,10.14,6.52,32.61,2,21,9.78,0,39.13
GREENLAND,132,1072,158,89.39,1.1919227272727273,125,91,23.48,0.003777892004950183,0.0,94.7,44,21.21,0.005422827249666461,8.121212121212121,17.42,0.76,23,21.97,0.00397251022921384,56.097290909090916,0.76,Country/Region,8,31,1,0.005457435136830677,1,1.435410870019819,28,0,n/a,20,0.0,11,29,0.0,n/a,125,66,70,16,0,37,41,10,68.94,8,33.33,56.0,17.42,29.6,6.06,8.0,15.15,6.4,8.33,50.0,0,23,12.12,0,31.06
NORTH KOREA,215,1036,159,73.95,0.7634669767441861,84,53,77.21,0.006153384705032495,1.4,39.07,31,66.98,0.005240717379341841,4.818604651162791,6.05,0.93,2,71.16,0.006470376509704362,38.972819534883726,1.4,Country/Region,10,166,2,0.005274163061340095,3,0.8516804377687881,144,0,n/a,9,0.0,1,153,0.0,n/a,195,15,62,10,0,58,162,50,24.65,25,14.42,31.79,0.93,29.74,4.65,25.64,4.19,12.82,0.47,6.98,3,13,4.65,0,75.35
BHUTAN,202,1005,160,74.75,0.7793168316831683,168,115,54.46,0.005781319583332856,0.5,83.17,75,23.27,0.005083900546562307,4.975247524752476,9.9,0.0,12,42.57,0.006079144441675725,41.52538514851485,0.5,Country/Region,9,110,0,0.00511634544077876,1,0.8793668077472901,47,0,n/a,12,0.0,7,86,0.0,n/a,146,85,55,19,0,57,87,28,56.93,6,37.13,37.67,5.94,39.04,4.46,19.18,5.94,4.11,3.47,42.08,1,20,9.41,0,43.07
TOGO,240,918,161,70.42,0.6844920833333333,193,140,49.58,0.006868894554454879,0.42,80.42,94,40.42,0.004643801693277809,3.825,6.25,0.42,10,44.58,0.007222745871297891,35.853695416666675,0.42,Country/Region,9,119,1,0.004673437925009852,1,0.6760624517472077,97,0,n/a,19,0.0,21,107,0.0,n/a,176,91,47,27,0,66,100,30,58.33,33,39.17,26.7,4.17,37.5,3.75,17.05,7.92,18.75,8.75,37.92,1,15,11.25,0,41.67
SWAZILAND,188,889,162,68.62,0.6887675531914894,166,109,37.23,0.005380634067656322,0.0,88.3,70,25.0,0.00449710207551631,4.7287234042553195,7.98,1.06,16,26.06,0.005657817599183349,36.709603191489364,0.53,Country/Region,9,70,2,0.004525802086420216,1,0.8357940753765368,47,0,n/a,17,0.0,10,49,0.0,n/a,142,71,56,14,0,40,79,29,57.98,17,37.23,39.44,8.51,28.17,4.79,20.42,9.04,11.97,5.32,37.77,0,15,7.45,0,42.02
LIBERIA,92,888,163,77.17,1.631517391304348,86,74,19.57,0.00263307624587437,3.26,93.48,46,17.39,0.004492043468007292,9.652173913043478,16.3,0.0,6,10.87,0.002768719250664192,44.176229347826094,4.35,Country/Region,11,18,0,0.004520711195434367,4,1.706005845841206,16,0,n/a,11,0.0,14,10,0.0,n/a,81,57,40,11,0,28,18,11,80.43,2,50.0,49.38,6.52,34.57,11.96,13.58,11.96,2.47,15.22,61.96,3,15,11.96,0,19.57
VATICAN,72,875,164,70.83,1.8611861111111112,56,39,30.56,0.0020606683663364636,4.17,77.78,3,20.83,0.004426281570390068,12.152777777777779,13.89,0.0,4,30.56,0.0021668237613893674,45.264047222222224,4.17,Country/Region,19,22,0,0.004454529612618324,3,2.1479834614335758,15,0,n/a,32,1.39,9,22,0.0,n/a,57,10,48,13,0,7,33,2,54.17,0,4.17,84.21,5.56,12.28,26.39,3.51,44.44,0.0,12.5,13.89,3,10,18.06,1,45.83
MALDIVES,95,864,165,77.89,1.5221378947368422,86,55,43.16,0.0027189374278050564,2.11,90.53,30,28.42,0.004370636887790879,9.094736842105263,14.74,0.0,8,28.42,0.0028590035740554153,45.604369473684216,2.11,Country/Region,3,41,0,0.004398529811773979,2,1.607479761429893,27,0,n/a,9,0.0,13,27,0.0,n/a,69,33,26,14,1,21,40,15,57.89,7,31.58,37.68,8.42,30.43,3.16,21.74,9.47,10.14,13.68,34.74,2,14,14.74,0,42.11
GUYANA,88,861,166,69.32,1.4138011363636365,73,45,31.82,0.002518594669966789,4.55,82.95,29,19.32,0.004355461065263827,9.784090909090908,17.05,1.14,8,20.45,0.0026483401528092265,39.36283068181819,3.41,Country/Region,4,28,1,0.0043832571388164295,3,1.7293219576777947,17,0,n/a,7,1.14,8,18,0.0,n/a,62,32,35,4,0,13,43,12,51.14,2,32.95,56.45,9.09,20.97,4.55,19.35,7.95,3.23,9.09,36.36,4,15,4.55,1,48.86
BERMUDA,66,842,167,80.3,1.2211151515151517,60,44,25.76,0.0018889460024750916,1.52,90.91,23,24.24,0.0042593475225925,12.757575757575758,12.12,1.52,8,24.24,0.00198625511460692,44.02500757575758,1.52,Country/Region,2,17,1,0.004286530210085289,1,2.254880508501283,16,0,n/a,10,1.52,16,16,0.0,n/a,59,23,37,11,0,14,22,6,66.67,2,34.85,62.71,12.12,23.73,3.03,10.17,15.15,3.39,24.24,34.85,1,8,16.67,1,33.33
GUINEA,169,838,168,72.78,0.770539053254438,152,117,30.77,0.004836846582095311,1.18,89.94,84,21.89,0.004239113092556431,4.958579881656805,8.28,0.59,10,23.67,0.005086016884372265,38.32596331360947,1.18,Country/Region,12,52,1,0.004266166646141891,2,0.8764208292751053,37,0,n/a,25,0.0,14,40,0.0,n/a,132,88,51,11,0,36,52,27,69.23,18,49.7,38.64,5.92,27.27,7.1,20.45,14.79,13.64,8.28,52.07,2,14,6.51,0,30.77
EL SALVADOR,134,823,169,64.18,1.3769723880597016,110,69,39.55,0.0038351327929039736,3.73,82.09,47,20.15,0.0041632339799211725,6.141791044776119,11.94,0.75,8,31.34,0.004032699778141322,37.5952552238806,0.75,Country/Region,3,53,1,0.004189803281354149,1,1.0855514540785325,27,0,n/a,17,0.0,8,42,0.0,n/a,96,43,59,11,0,16,65,10,51.49,11,35.07,61.46,5.97,16.67,2.24,10.42,12.69,11.46,5.97,32.09,5,16,8.21,0,48.51
HAITI,176,788,170,67.61,0.7947767045454547,161,128,23.86,0.005037189339933578,2.27,91.48,69,19.32,0.00398618271710557,4.4772727272727275,7.95,2.27,21,11.93,0.005296680305618453,39.317004545454544,0.0,Country/Region,18,42,4,0.004011622096849415,0,0.7913505822590606,34,1,n/a,9,0.0,14,21,0.57,n/a,150,92,80,20,0,44,48,18,72.73,8,39.2,53.33,11.93,29.33,10.23,12.0,5.11,5.33,7.95,52.27,4,14,11.36,0,27.27
BAHAMAS,102,757,171,71.57,1.5698039215686275,90,50,36.27,0.0029192801856433234,1.96,88.24,20,23.53,0.0038293658843260364,7.421568627450981,14.71,0.98,9,29.41,0.0030696669953016037,45.67100196078432,0.98,Country/Region,8,37,1,0.0038538044762880808,1,1.3117500345319395,24,0,n/a,16,0.0,9,30,0.0,n/a,82,19,34,13,0,30,52,9,49.02,9,19.61,41.46,8.82,36.59,7.84,10.98,15.69,10.98,8.82,18.63,2,15,12.75,0,50.98
GUINEA BISSAU,64,744,172,84.38,1.7039078125,64,44,32.81,0.001831705214521301,0.0,100.0,26,34.38,0.0037636039867088122,11.625,29.69,0.0,5,17.19,0.0019260655656794376,57.161478125,0.0,Country/Region,7,21,0,0.0037876228934720373,0,2.054699608251317,22,0,n/a,9,0.0,7,11,0.0,n/a,60,33,37,6,2,10,20,9,68.75,4,40.62,61.67,7.81,16.67,10.94,15.0,14.06,6.67,10.94,51.56,0,19,9.38,0,31.25
SEYCHELLES,90,670,173,74.44,1.046017777777778,81,52,27.78,0.0025758354579205798,1.11,90.0,20,26.67,0.0033892670310415383,7.444444444444445,13.33,0.0,8,24.44,0.0027085297017367094,41.81392888888889,1.11,Country/Region,9,25,0,0.003410896960519173,1,1.3157932975181674,24,0,n/a,19,0.0,12,22,0.0,n/a,87,34,35,15,0,45,38,6,57.78,1,22.22,40.23,8.89,51.72,10.0,6.9,21.11,1.15,13.33,37.78,1,12,16.67,0,42.22
BURUNDI,123,625,174,73.98,0.9462512195121952,112,74,48.78,0.0035203084591581254,0.81,91.06,50,20.33,0.003161629693135763,5.08130081300813,10.57,0.81,10,33.33,0.003701657259040169,42.30926341463415,0.0,Country/Region,6,60,1,0.003181806866155945,0,0.8981115518189166,25,0,n/a,11,0.0,6,41,0.0,n/a,89,55,45,8,0,29,49,9,60.16,6,40.65,50.56,8.13,32.58,4.88,10.11,8.94,6.74,4.88,44.72,1,13,6.5,0,39.84
ANGOLA,165,611,175,64.24,0.6156678787878788,142,88,52.12,0.004722365006187729,0.61,86.06,57,28.48,0.0030908091880095215,3.703030303030303,5.45,2.42,8,33.33,0.0049656377865173,34.09826363636363,0.0,Country/Region,9,86,4,0.003110534392354052,0,0.6545045086433652,47,4,n/a,20,0.0,11,55,2.42,n/a,114,51,29,14,0,36,77,30,53.33,19,34.55,25.44,4.85,31.58,5.45,26.32,12.12,16.67,6.67,30.91,1,9,8.48,0,46.67
CENT AFR REPUBL,68,597,176,77.94,1.3651279411764707,68,42,27.94,0.0019461867904288824,2.94,100.0,30,11.76,0.0030199886828832807,8.779411764705882,16.18,0.0,2,17.65,0.0020464446635344025,41.3079455882353,1.47,Country/Region,4,19,0,0.003039261918552159,1,1.5517465732144673,8,0,n/a,8,0.0,1,12,0.0,n/a,53,34,21,6,0,10,26,15,61.76,7,44.12,39.62,2.94,18.87,5.88,28.3,11.76,13.21,1.47,50.0,2,11,8.82,0,38.24
SAINT KITTS & NEVIS,171,594,177,73.1,0.6502988304093568,163,120,30.99,0.004894087370049102,0.0,95.32,81,40.35,0.0030048128603562293,3.473684210526316,4.09,1.17,17,33.33,0.005146206433299747,36.3421947368421,0.0,Country/Region,14,53,2,0.00302398924559461,0,0.6139679644350287,69,0,n/a,6,0.0,6,57,0.0,n/a,135,88,69,8,0,41,51,17,70.18,8,47.37,51.11,9.94,30.37,8.19,12.59,3.51,5.93,3.51,51.46,0,7,4.68,0,29.82
SAMOA,105,572,178,72.38,1.0573457142857143,93,62,31.43,0.0030051413675740092,1.9,88.57,30,18.1,0.0028935234951578503,5.447619047619048,5.71,1.9,9,27.62,0.0031599513186928276,39.81458666666667,1.9,Country/Region,6,33,2,0.002911989643905921,2,0.9628576966060449,19,0,n/a,11,0.0,18,29,0.0,n/a,94,41,34,17,0,40,43,17,59.05,3,28.57,36.17,8.57,42.55,5.71,18.09,10.48,3.19,17.14,39.05,2,6,16.19,0,40.95
NETHERLANDS ANTILLES,123,551,179,67.48,0.7034276422764228,115,84,34.96,0.0035203084591581254,0.0,93.5,53,27.64,0.002787292737468489,4.479674796747967,10.57,4.07,12,27.64,0.003701657259040169,36.2042837398374,0.0,Country/Region,10,43,5,0.002805080933203081,0,0.7917751440835569,34,0,n/a,7,0.0,5,34,0.0,n/a,68,70,27,9,0,20,39,13,68.29,8,43.09,39.71,9.76,29.41,8.13,19.12,5.69,11.76,4.07,56.91,0,13,7.32,0,31.71
SURINAME,61,462,180,78.69,1.0953196721311478,53,46,47.54,0.001745844032590615,3.28,86.89,27,22.95,0.002337076669165956,7.573770491803279,9.84,0.0,7,39.34,0.0018357812422882139,45.80345901639344,3.28,Country/Region,2,29,0,0.0023519916354624746,2,1.3386514634403084,14,0,n/a,9,0.0,6,24,0.0,n/a,55,35,30,10,0,13,15,9,75.41,3,44.26,54.55,11.48,23.64,3.28,16.36,14.75,5.45,9.84,57.38,2,6,16.39,0,24.59
CAPE VERDE,71,432,181,84.51,0.9549605633802817,69,47,36.62,0.0020320479723595682,1.41,97.18,30,25.35,0.0021853184438954394,6.084507042253521,7.04,0.0,7,25.35,0.002136728986925626,48.49485774647887,1.41,Country/Region,3,26,0,0.0021992649058869894,1,1.0754266009566187,18,0,n/a,12,0.0,12,18,0.0,n/a,59,30,32,7,0,18,24,5,66.2,4,42.25,54.24,9.86,30.51,4.23,8.47,16.9,6.78,16.9,42.25,1,5,9.86,0,33.8
SAN MARINO,38,426,182,68.42,1.6891526315789476,30,19,47.37,0.0010875749711220226,2.63,78.95,14,15.79,0.0021549667988413363,11.210526315789474,26.32,0.0,0,50.0,0.0011436014296221661,47.56871315789474,0.0,Country/Region,2,18,0,0.002168719559971892,0,1.9814420670403197,6,0,n/a,2,0.0,2,19,0.0,n/a,27,14,12,3,0,9,19,5,50.0,1,36.84,44.44,0.0,33.33,5.26,18.52,5.26,3.7,5.26,36.84,1,10,7.89,0,50.0
MAURITANIA,82,412,183,59.76,0.6777060975609756,70,45,54.88,0.002346872306105417,1.22,85.37,29,31.71,0.002084146293715095,5.024390243902439,9.76,1.22,7,42.68,0.002467771506026779,32.50146951219512,0.0,Country/Region,3,45,1,0.0020974470861699988,0,0.8880527024385447,26,0,n/a,12,0.0,4,35,0.0,n/a,53,31,27,6,0,5,37,11,54.88,10,35.37,50.94,8.54,9.43,3.66,20.75,14.63,18.87,4.88,37.8,1,8,7.32,0,45.12
ERITREA,69,398,184,73.91,1.0189666666666668,41,46,71.01,0.001974807184405778,2.9,59.42,37,47.83,0.0020133257885888538,5.768115942028985,14.49,0.0,2,57.97,0.0020765394379981435,43.58055652173913,1.45,Country/Region,2,49,0,0.002026174612368106,1,1.0195049949621622,33,0,n/a,9,0.0,3,40,0.0,n/a,49,39,15,5,0,20,23,7,66.67,7,53.62,30.61,2.9,40.82,2.9,14.29,13.04,14.29,4.35,56.52,2,10,7.25,0,33.33
SOLOMON ISLANDS,69,394,185,73.91,0.8892884057971014,68,50,23.19,0.001974807184405778,1.45,98.55,31,7.25,0.001993091358552785,5.7101449275362315,10.14,0.0,11,11.59,0.0020765394379981435,44.26880724637681,1.45,Country/Region,2,16,0,0.0020058110484247075,1,1.0092587136057585,5,0,n/a,9,0.0,12,8,0.0,n/a,54,37,32,6,0,8,19,9,72.46,5,44.93,59.26,15.94,14.81,2.9,16.67,13.04,9.26,17.39,53.62,1,7,8.7,0,27.54
LESOTHO,109,387,186,68.81,0.6878311926605505,93,60,46.79,0.003119622943481591,0.0,85.32,39,23.85,0.0019576811059896647,3.55045871559633,4.59,2.75,9,31.19,0.0032803304165477925,35.53112293577982,0.0,Country/Region,4,51,3,0.0019701748115237613,0,0.6275377317890972,26,0,n/a,8,0.0,7,34,0.0,n/a,74,37,39,8,0,18,49,8,55.05,9,35.78,52.7,8.26,24.32,3.67,10.81,7.34,12.16,6.42,33.94,0,5,7.34,0,44.95
SOMALIA,90,384,187,71.11,0.6067800000000001,73,56,57.78,0.0025758354579205798,0.0,81.11,44,31.11,0.0019425052834626127,4.266666666666667,6.67,1.11,4,32.22,0.0027085297017367094,39.87031666666667,0.0,Country/Region,0,52,1,0.001954902138566213,0,0.7541263078313079,28,0,n/a,2,0.0,2,29,0.0,n/a,65,40,18,8,0,23,34,16,62.22,8,48.89,27.69,4.44,35.38,0.0,24.62,2.22,12.31,2.22,44.44,0,6,8.89,0,37.78
CHAD,74,356,188,74.32,2.2155527027027024,70,44,32.43,0.0021179091542902545,2.7,94.59,31,9.46,0.0018008642732101306,4.8108108108108105,9.46,0.0,4,16.22,0.00222701331031685,39.57419324324324,0.0,Country/Region,4,24,0,0.0018123571909624261,0,0.850302889319929,7,0,n/a,7,0.0,7,12,0.0,n/a,54,30,24,5,0,9,30,14,59.46,7,41.89,44.44,5.41,16.67,5.41,25.93,9.46,12.96,9.46,40.54,2,7,6.76,0,40.54
BELIZE,69,338,189,63.77,1.0957536231884057,60,38,31.88,0.001974807184405778,1.45,86.96,22,42.03,0.0017098093380478207,4.898550724637682,14.49,2.9,9,24.64,0.0020765394379981435,38.692557971014494,0.0,Country/Region,5,22,2,0.0017207211532171349,0,0.8658107746161077,29,0,n/a,2,0.0,7,17,0.0,n/a,50,23,21,2,0,14,31,10,55.07,5,31.88,42.0,13.04,28.0,7.25,20.0,2.9,10.0,10.14,33.33,1,10,2.9,0,44.93
VANUATU,55,333,190,74.55,1.111550909090909,55,32,14.55,0.0015741216687292431,3.64,100.0,10,21.82,0.0016845163005027345,6.054545454545455,16.36,3.64,8,10.91,0.0016552125955057667,44.98599272727273,0.0,Country/Region,1,8,2,0.0016952666982878875,0,1.0701309396640293,12,0,n/a,8,0.0,4,6,0.0,n/a,48,20,19,13,0,19,23,6,58.18,4,18.18,39.58,14.55,39.58,1.82,12.5,14.55,8.33,7.27,36.36,2,9,23.64,0,41.82
SOUTH SUDAN,56,286,191,83.93,0.7205607142857143,52,38,37.5,0.0016027420627061383,0.0,92.86,33,12.5,0.0014467617475789252,5.107142857142857,5.36,0.0,4,21.43,0.0016853073699695078,50.40694464285714,0.0,Country/Region,0,21,0,0.0014559948219529605,0,0.902679090568167,7,0,n/a,3,0.0,4,12,0.0,n/a,50,35,21,1,0,23,18,4,67.86,2,58.93,42.0,7.14,46.0,0.0,8.0,5.36,4.0,7.14,62.5,0,3,1.79,0,32.14
TIMOR-LESTE,42,263,192,85.71,1.0458857142857145,39,29,21.43,0.0012020565470296036,2.38,92.86,17,16.67,0.001330413774871529,6.261904761904762,14.29,2.38,3,14.29,0.0012639805274771308,45.276921428571434,0.0,Country/Region,2,9,1,0.0013389043292784217,0,1.106781355801529,7,0,n/a,6,0.0,1,6,0.0,n/a,37,24,17,7,0,11,13,9,69.05,0,40.48,45.95,7.14,29.73,4.76,24.32,14.29,0.0,2.38,57.14,1,6,16.67,0,30.95
PALAU,23,252,193,95.65,1.8386217391304347,22,14,21.74,6.582690614685925E-4,8.7,95.65,5,43.48,0.0012747690922723395,10.956521739130435,13.04,0.0,3,21.74,6.92179812666048E-4,55.42011739130435,4.35,Country/Region,3,5,0,0.0012829045284340772,1,1.936547176360288,10,0,n/a,3,0.0,4,5,0.0,n/a,22,7,15,3,0,6,9,1,60.87,0,21.74,68.18,13.04,27.27,13.04,4.55,13.04,0.0,17.39,30.43,2,3,13.04,0,39.13
ANDORRA,31,245,194,77.42,4.208306451612904,30,18,19.35,8.872322132837551E-4,6.45,96.77,9,6.45,0.0012393588397092191,7.903225806451613,19.35,0.0,2,16.13,9.329380083759776E-4,47.11763225806452,0.0,Country/Region,3,6,0,0.0012472682915331305,0,1.396882147822609,2,0,n/a,4,0.0,3,5,0.0,n/a,24,15,16,4,0,6,13,1,58.06,1,29.03,66.67,6.45,25.0,9.68,4.17,12.9,4.17,9.68,48.39,2,6,12.9,0,41.94
DJIBOUTI,32,240,195,84.38,1.3481562500000002,31,21,53.12,9.158526072606505E-4,3.12,96.88,16,18.75,0.001214065802164133,7.5,18.75,0.0,0,21.88,9.630327828397188E-4,54.590334375000005,0.0,Country/Region,3,17,0,0.001221813836603883,0,1.3256126504847208,6,1,n/a,5,0.0,0,7,3.12,n/a,27,14,12,2,0,9,11,3,65.62,3,50.0,44.44,0.0,33.33,9.38,11.11,15.62,11.11,0.0,43.75,1,6,6.25,0,34.38
ANTIGUA & BARBUDA,52,169,196,50.0,0.5032615384615385,46,28,32.69,0.0014882604867985571,1.92,88.46,21,17.31,8.549046690239104E-4,3.25,5.77,0.0,5,32.69,0.001564928272114543,23.90485576923077,0.0,Country/Region,1,17,0,8.603605766085674E-4,0,0.5744321485433791,9,0,n/a,2,0.0,1,17,0.0,n/a,28,24,15,1,0,5,24,4,53.85,4,40.38,53.57,9.62,17.86,1.92,14.29,3.85,14.29,1.92,46.15,1,3,1.92,0,46.15
KIRIBATI,18,169,196,77.78,1.4557166666666665,18,12,16.67,5.151670915841159E-4,5.56,100.0,8,11.11,8.549046690239104E-4,9.38888888888889,11.11,0.0,1,5.56,5.417059403473418E-4,46.22363333333333,5.56,Country/Region,0,3,0,8.603605766085674E-4,1,1.6594706513475395,2,0,n/a,3,0.0,1,1,0.0,n/a,15,10,8,3,0,2,6,2,66.67,3,44.44,53.33,5.56,13.33,0.0,13.33,16.67,20.0,5.56,55.56,1,2,16.67,0,33.33
SAINT LUCIA,31,144,198,67.74,1.0124548387096775,28,23,32.26,8.872322132837551E-4,3.23,90.32,16,29.03,7.284394812984798E-4,4.645161290322581,9.68,0.0,0,16.13,9.329380083759776E-4,33.67028064516129,0.0,Country/Region,5,10,0,7.330883019623297E-4,0,0.8210246093324723,9,0,n/a,1,0.0,1,5,0.0,n/a,17,22,10,2,0,6,8,0,74.19,1,51.61,58.82,0.0,35.29,16.13,0.0,3.23,5.88,3.23,70.97,1,3,6.45,0,25.81
SAINT VINCENT & GRENADINES,21,138,199,38.1,0.9826619047619047,20,11,23.81,6.010282735148018E-4,4.76,95.24,8,14.29,6.980878362443765E-4,6.571428571428571,9.52,0.0,0,14.29,6.319902637385654E-4,20.561866666666667,4.76,Country/Region,0,5,0,7.025429560472327E-4,1,1.1614891794723268,3,0,n/a,1,0.0,1,3,0.0,n/a,12,8,9,3,0,1,10,2,52.38,0,38.1,75.0,0.0,8.33,0.0,16.67,4.76,0.0,4.76,38.1,1,2,14.29,0,47.62
TONGA,29,100,200,79.31,0.7848793103448276,28,20,10.34,8.299914253299645E-4,0.0,96.55,13,17.24,5.058607509017221E-4,3.4482758620689653,6.9,0.0,4,6.9,8.727484594484951E-4,43.73437931034483,0.0,Country/Region,1,3,0,5.090890985849512E-4,0,0.6094770806826303,5,0,n/a,2,0.0,4,2,0.0,n/a,23,11,9,2,0,9,9,4,68.97,1,44.83,39.13,13.79,39.13,3.45,17.39,6.9,4.35,13.79,37.93,0,2,6.9,0,31.03
COOK ISLANDS,6,99,201,50.0,2.5871333333333335,5,3,16.67,1.7172236386137196E-4,16.67,83.33,2,0.0,5.008021433927048E-4,16.5,16.67,0.0,0,0.0,1.805686467824473E-4,24.71111666666667,16.67,Country/Region,0,1,0,5.039982075991017E-4,1,2.916347831066386,0,0,n/a,1,0.0,0,0,0.0,n/a,5,1,4,1,0,0,3,1,50.0,0,33.33,80.0,0.0,0.0,0.0,20.0,16.67,0.0,0.0,16.67,1,1,16.67,0,50.0
COMOROS,15,77,202,86.67,0.7026600000000001,14,13,33.33,4.2930590965342994E-4,0.0,93.33,9,6.67,3.8951277819432604E-4,5.133333333333334,6.67,0.0,0,6.67,4.5142161695611817E-4,40.613060000000004,0.0,Country/Region,1,5,0,3.919986059104124E-4,0,0.9073082141095423,1,0,n/a,3,0.0,1,1,0.0,n/a,13,9,6,3,0,3,2,2,86.67,2,60.0,46.15,0.0,23.08,6.67,15.38,20.0,15.38,6.67,60.0,0,1,20.0,0,13.33
DOMINICA,29,70,203,44.83,0.6423620689655172,28,8,20.69,8.299914253299645E-4,0.0,96.55,4,6.9,3.5410252563120546E-4,2.413793103448276,6.9,0.0,1,6.9,8.727484594484951E-4,22.258444827586207,0.0,Country/Region,2,6,0,3.563623690094658E-4,0,0.4266339564778412,2,0,n/a,0,0.0,0,2,0.0,n/a,21,6,12,1,0,1,21,6,27.59,2,13.79,57.14,3.45,4.76,6.9,28.57,0.0,9.52,0.0,20.69,0,2,3.45,0,72.41
SAO TOME & PRINCIPE,15,64,204,73.33,0.6709666666666667,15,10,6.67,4.2930590965342994E-4,0.0,100.0,7,13.33,3.2375088057710216E-4,4.266666666666667,6.67,6.67,0,13.33,4.5142161695611817E-4,39.164633333333335,0.0,Country/Region,0,1,1,3.2581702309436876E-4,0,0.7541263078313079,2,0,n/a,2,0.0,3,2,0.0,n/a,13,7,8,3,0,1,5,3,66.67,1,46.67,61.54,0.0,7.69,0.0,23.08,13.33,7.69,20.0,46.67,0,1,20.0,0,33.33
TURKMENISTAN,22,53,205,45.45,0.45853636363636363,13,12,50.0,6.296486674916972E-4,0.0,59.09,4,13.64,2.681061979779127E-4,2.409090909090909,4.55,0.0,1,45.45,6.620850382023066E-4,25.123886363636363,0.0,Country/Region,6,11,0,2.698172222500241E-4,0,0.4258028513678194,3,0,n/a,2,0.0,0,10,0.0,n/a,9,3,2,1,0,3,10,2,54.55,2,18.18,22.22,4.55,33.33,27.27,22.22,9.09,22.22,0.0,13.64,0,1,4.55,0,45.45
NAURU,9,51,206,88.89,2.8484555555555557,1,4,88.89,2.5758354579205796E-4,11.11,11.11,0,0.0,2.5798898295987827E-4,5.666666666666667,11.11,0.0,0,55.56,2.708529701736709E-4,61.61194444444444,0.0,Country/Region,2,8,0,2.596354402783251E-4,0,1.0015740025884559,0,0,n/a,0,0.0,0,5,0.0,n/a,6,4,0,2,0,1,5,4,44.44,1,0.0,0.0,0.0,16.67,22.22,66.67,0.0,16.67,0.0,44.44,1,1,22.22,0,55.56
MARSHALL ISLANDS,7,49,207,71.43,0.8653285714285716,7,5,0.0,2.003427578382673E-4,0.0,100.0,1,14.29,2.478717679418438E-4,7.0,14.29,0.0,3,0.0,2.1066342124618847E-4,45.527928571428575,0.0,Country/Region,0,0,0,2.4945365830662613E-4,0,1.2372384737857394,1,0,n/a,1,0.0,2,0,0.0,n/a,6,4,3,1,0,2,2,1,71.43,0,14.29,50.0,42.86,33.33,0.0,16.67,14.29,0.0,28.57,57.14,0,1,14.29,0,28.57
EQUATORIAL GUINEA,9,41,208,100.0,0.6750555555555555,9,8,22.22,2.5758354579205796E-4,0.0,100.0,7,22.22,2.0740290786970604E-4,4.555555555555555,11.11,0.0,0,11.11,2.708529701736709E-4,51.84177777777778,0.0,Country/Region,1,2,0,2.0872653041983E-4,0,0.8051869432573859,2,0,n/a,5,0.0,2,1,0.0,n/a,9,8,6,0,0,3,1,0,88.89,0,77.78,66.67,0.0,33.33,11.11,0.0,55.56,0.0,22.22,88.89,0,1,0.0,0,11.11
FRENCH POLYNESIA,1,5,209,100.0,0.38570000000000004,1,0,0.0,2.8620393976895328E-5,0.0,100.0,0,100.0,2.5293037545086103E-5,5.0,0.0,0.0,0,100.0,3.0094774463741212E-5,40.9546,0.0,Country/Region,0,0,0,2.545445492924756E-5,0,0.8837417669898139,1,0,n/a,0,0.0,0,1,0.0,n/a,1,0,1,0,0,0,1,0,0.0,0,0.0,100.0,0.0,0.0,0.0,0.0,0.0,0.0,0.0,0.0,0,0,0.0,0,100.0
TUVALU,2,4,210,100.0,0.3282,2,2,50.0,5.7240787953790656E-5,0.0,100.0,2,0.0,2.0234430036068885E-5,2.0,0.0,0.0,0,0.0,6.0189548927482424E-5,29.315700000000003,0.0,Country/Region,0,1,0,2.0363563943398047E-5,0,0.35349670679592554,0,0,n/a,0,0.0,0,0,0.0,n/a,2,2,1,0,0,1,0,0,100.0,0,100.0,50.0,0.0,50.0,0.0,0.0,0.0,0.0,0.0,100.0,0,0,0.0,0,0.0

Filter Summary:
Dataset: InCites Dataset + ESCI
Schema:  Web of Science
"Time Period:  [2020, 2020]"
Include Early Access documents:  true
Funding Data Source:  All Sources
Location Type:  Country/Region
Domestic/International Collaboration:  All

"Exported date  Sep 13, 2022. "
"InCites dataset updated  2022-08-26. Includes Web of Science content indexed through 2022-07-31. "

